-7.28678270,112.79601330,-0.97960391,0.00384908,-0.01885147,-0.20001497
-7.28678270,112.79601320,-0.97878071,0.00423725,-0.02034465,-0.20385403
-7.28678270,112.79601320,-0.97796108,0.00425113,-0.02000860,-0.20778285
-7.28678270,112.79601320,-0.97716767,0.00399843,-0.01846225,-0.21162820
-7.28678270,112.79601310,-0.97629179,0.00407027,-0.01842829,-0.21563435
-7.28678270,112.79601310,-0.97537208,0.00445707,-0.01979369,-0.21963072
-7.28678280,112.79601300,-0.97445467,0.00463214,-0.02018452,-0.22362745
-7.28678280,112.79601300,-0.97355423,0.00442409,-0.01892162,-0.22762814
-7.28678280,112.79601290,-0.97258670,0.00432061,-0.01812899,-0.23179253
-7.28678280,112.79601290,-0.97154611,0.00465246,-0.01915053,-0.23602917
-7.28678290,112.79601280,-0.97052502,0.00502353,-0.02030674,-0.24009078
-7.28678290,112.79601280,-0.96952780,0.00489989,-0.01945698,-0.24415827
-7.28678290,112.79601280,-0.96848083,0.00461858,-0.01800775,-0.24839337
-7.28678280,112.79601260,-0.96714578,0.00437867,-0.01669643,-0.25363574
-7.28678230,112.79601220,-0.96178281,-0.00290136,0.01019880,-0.27360811
-7.28678140,112.79601160,-0.95176518,-0.01012457,0.03159116,-0.30502875
-7.28678020,112.79601070,-0.94106413,-0.00521025,0.01451174,-0.33787655
-7.28677890,112.79600990,-0.93562755,0.00061770,-0.00163728,-0.35298446
-7.28677740,112.79600920,-0.93836915,-0.00091446,0.00248276,-0.34562456
-7.28677560,112.79600850,-0.94438501,-0.00333945,0.00959500,-0.32868485
-7.28677370,112.79600800,-0.95027272,-0.00229786,0.00701373,-0.31133146
-7.28677160,112.79600760,-0.95506743,-0.00088459,0.00285061,-0.29637357
-7.28676950,112.79600720,-0.95762946,-0.00173186,0.00575980,-0.28794036
-7.28676740,112.79600680,-0.95696195,-0.00226012,0.00745530,-0.29010885
-7.28676530,112.79600630,-0.95399671,-0.00126250,0.00401759,-0.29978750
-7.28676330,112.79600590,-0.95024416,-0.00013592,0.00041463,-0.31150576
-7.28676170,112.79600550,-0.94715125,0.00259641,-0.00766855,-0.32068514
-7.28676020,112.79600520,-0.94544358,0.00928746,-0.02705709,-0.32452750
-7.28675880,112.79600500,-0.94396911,0.01149911,-0.03307671,-0.32817072
-7.28675750,112.79600490,-0.94280069,0.01233764,-0.03511286,-0.33127289
-7.28675620,112.79600470,-0.94207097,0.01446446,-0.04097132,-0.33258745
-7.28675520,112.79600470,-0.94160624,0.01354572,-0.03815665,-0.33427276
-7.28675420,112.79600450,-0.94174375,0.00735074,-0.02062619,-0.33561770
-7.28675340,112.79600440,-0.94222585,0.00130189,-0.00366219,-0.33495573
-7.28675270,112.79600410,-0.94304730,0.00055419,-0.00157107,-0.33265449
-7.28675190,112.79600380,-0.94385976,0.00443812,-0.01269103,-0.33007271
-7.28675110,112.79600370,-0.94418148,0.01015940,-0.02924777,-0.32796752
-7.28675040,112.79600350,-0.94448793,0.01246838,-0.03608800,-0.32632000
-7.28674940,112.79600310,-0.94602301,0.00715862,-0.02094441,-0.32334277
-7.28674820,112.79600250,-0.94829082,-0.00970504,0.02913199,-0.31591400
-7.28674660,112.79600160,-0.94985000,-0.01468585,0.04513138,-0.30908324
-7.28674450,112.79600060,-0.95166392,-0.00955760,0.02976842,-0.30554586
-7.28674220,112.79599970,-0.95284706,-0.00811818,0.02559173,-0.30226089
-7.28673990,112.79599870,-0.95443745,-0.01035558,0.03335043,-0.29636071
-7.28673780,112.79599790,-0.95721918,-0.01060643,0.03537551,-0.28699742
-7.28673570,112.79599730,-0.96039755,-0.00895388,0.03107231,-0.27675060
-7.28673370,112.79599680,-0.96371586,-0.00788717,0.02865372,-0.26527062
-7.28673170,112.79599650,-0.96909250,-0.00553261,0.02182463,-0.24566807
-7.28672980,112.79599640,-0.97577281,-0.00291300,0.01301601,-0.21837930
-7.28672820,112.79599640,-0.97806415,0.00271573,-0.01277649,-0.20789395
-7.28672670,112.79599630,-0.97813619,0.00731930,-0.03494408,-0.20487786
-7.28672530,112.79599610,-0.97832615,0.00875756,-0.04230724,-0.20251257
-7.28672400,112.79599590,-0.97806812,0.01012450,-0.04897543,-0.20219214
-7.28672270,112.79599570,-0.97774053,0.01090275,-0.05255499,-0.20283629
-7.28672160,112.79599560,-0.97841041,0.00808371,-0.03900048,-0.20279715
-7.28672080,112.79599530,-0.97937155,0.00309941,-0.01506579,-0.20148148
-7.28672000,112.79599500,-0.97985492,0.00010527,-0.00051649,-0.19970995
-7.28671930,112.79599470,-0.98013005,0.00048221,-0.00238291,-0.19834106
-7.28671860,112.79599440,-0.98022380,0.00364724,-0.01814551,-0.19702473
-7.28671780,112.79599420,-0.97973799,0.00746347,-0.03718212,-0.19666024
-7.28671700,112.79599400,-0.97949151,0.00812806,-0.04036520,-0.19723329
-7.28671620,112.79599390,-0.98021330,0.00498331,-0.02488252,-0.19631076
-7.28671550,112.79599360,-0.98074850,0.00204246,-0.01027281,-0.19499404
-7.28671480,112.79599340,-0.98101322,0.00214875,-0.01088686,-0.19362316
-7.28671420,112.79599320,-0.98114151,0.00420418,-0.02147848,-0.19204777
-7.28671350,112.79599290,-0.98107411,0.00502149,-0.02567777,-0.19185679
-7.28671250,112.79599250,-0.98085265,0.00116818,-0.00588623,-0.19465885
-7.28671110,112.79599180,-0.97912104,-0.00481409,0.02334897,-0.20187529
-7.28670930,112.79599100,-0.97636592,-0.00361509,0.01638099,-0.21547201
-7.28670730,112.79599000,-0.97216633,-0.00213375,0.00886043,-0.23411443
-7.28670500,112.79598880,-0.96641996,-0.00552405,0.02084873,-0.25606109
-7.28670280,112.79598760,-0.95967490,-0.00806803,0.02768915,-0.27962887
-7.28670060,112.79598630,-0.95468805,-0.00718604,0.02312856,-0.29662122
-7.28669840,112.79598500,-0.95169930,-0.00764082,0.02376274,-0.30601534
-7.28669630,112.79598360,-0.94841774,-0.01009654,0.03036017,-0.31540467
-7.28669420,112.79598230,-0.94570901,-0.01040580,0.03042750,-0.32341980
-7.28669210,112.79598100,-0.94524978,-0.00958261,0.02786941,-0.32501433
-7.28668990,112.79597970,-0.94490168,-0.01092482,0.03170100,-0.32563247
-7.28668780,112.79597860,-0.94610625,-0.00972800,0.02854315,-0.32244941
-7.28668590,112.79597740,-0.95031824,-0.00751767,0.02302073,-0.31033653
-7.28668390,112.79597620,-0.95534727,-0.00758789,0.02462657,-0.29435956
-7.28668180,112.79597520,-0.96215931,-0.00555598,0.01967374,-0.27171960
-7.28667960,112.79597440,-0.97076254,-0.00344807,0.01396959,-0.23961021
-7.28667740,112.79597380,-0.97932128,-0.00351084,0.01705815,-0.20156022
-7.28667510,112.79597320,-0.98668417,-0.00313274,0.01914095,-0.16148732
-7.28667250,112.79597270,-0.99125422,-0.00343238,0.02631996,-0.12926926
-7.28666980,112.79597210,-0.99181921,-0.00570906,0.04791321,-0.11817950
-7.28666680,112.79597150,-0.99210684,-0.00583761,0.05053020,-0.11461521
-7.28666400,112.79597100,-0.99357830,-0.00382279,0.03536186,-0.10741080
-7.28666130,112.79597050,-0.99501730,-0.00277338,0.02893503,-0.09537110
-7.28665870,112.79597000,-0.99541268,-0.00359169,0.04151208,-0.08612456
-7.28665610,112.79596970,-0.99537501,-0.00415831,0.05085019,-0.08139749
-7.28665340,112.79596940,-0.99590032,-0.00367442,0.04764463,-0.07680520
-7.28665070,112.79596900,-0.99637951,-0.00329731,0.04599983,-0.07142137
-7.28664800,112.79596860,-0.99669635,-0.00313408,0.04743622,-0.06585106
-7.28664530,112.79596830,-0.99688915,-0.00302268,0.04865388,-0.06193293
-7.28664200,112.79596780,-0.99695920,-0.00295959,0.04831962,-0.06106396
-7.28663930,112.79596730,-0.99701922,-0.00289361,0.04751416,-0.06071832
-7.28663690,112.79596670,-0.99708713,-0.00283772,0.04741474,-0.05967450
-7.28663440,112.79596600,-0.99699158,-0.00295940,0.04959310,-0.05949415
-7.28663180,112.79596540,-0.99710923,-0.00282411,0.04760536,-0.05915188
-7.28662930,112.79596470,-0.99727769,-0.00265710,0.04608247,-0.05750267
-7.28662660,112.79596390,-0.99735383,-0.00261962,0.04760052,-0.05488770
-7.28662390,112.79596320,-0.99736638,-0.00263026,0.04993816,-0.05253159
-7.28662120,112.79596260,-0.99738660,-0.00261216,0.05183343,-0.05026364
-7.28661830,112.79596200,-0.99727015,-0.00270809,0.05537102,-0.04877465
-7.28661550,112.79596140,-0.99728856,-0.00267355,0.05617164,-0.04746706
-7.28661260,112.79596090,-0.99768577,-0.00228386,0.05179034,-0.04399606
-7.28660960,112.79596050,-0.99825542,-0.00167966,0.04703981,-0.03564485
-7.28660650,112.79596030,-0.99849802,-0.00120808,0.04890718,-0.02466433
-7.28660330,112.79596000,-0.99871950,-0.00044750,0.04978526,-0.00897718
-7.28660010,112.79595960,0.99863815,-0.00026282,-0.05192530,-0.00505461
-7.28659710,112.79595920,0.99837811,-0.00085963,-0.05472134,-0.01568378
-7.28659410,112.79595860,0.99827445,-0.00133052,-0.05311293,-0.02500749
-7.28659110,112.79595820,0.99813739,-0.00169621,-0.05126657,-0.03302443
-7.28658800,112.79595780,0.99783107,-0.00211495,-0.05142650,-0.04103647
-7.28658490,112.79595750,0.99743510,-0.00255924,-0.05223400,-0.04886997
-7.28658170,112.79595730,0.99709410,-0.00289962,-0.05202642,-0.05557165
-7.28657850,112.79595710,0.99682633,-0.00313038,-0.05140217,-0.06070657
-7.28657530,112.79595690,0.99653210,-0.00336605,-0.05121903,-0.06549084
-7.28657210,112.79595670,0.99626383,-0.00356038,-0.05091577,-0.06966555
-7.28656890,112.79595650,0.99631832,-0.00343132,-0.04834259,-0.07071788
-7.28656570,112.79595620,0.99635375,-0.00337910,-0.04760695,-0.07072040
-7.28656260,112.79595590,0.99618431,-0.00354961,-0.04903958,-0.07210646
-7.28655950,112.79595560,0.99599493,-0.00368493,-0.04923784,-0.07453961
-7.28655630,112.79595540,0.99576933,-0.00383109,-0.04922776,-0.07749445
-7.28655320,112.79595520,0.99553264,-0.00398814,-0.04940615,-0.08036098
-7.28655000,112.79595490,0.99529567,-0.00408393,-0.04853261,-0.08375225
-7.28654690,112.79595460,0.99501391,-0.00420394,-0.04785883,-0.08740243
-7.28654370,112.79595440,0.99468453,-0.00441614,-0.04838488,-0.09078595
-7.28654060,112.79595420,0.99432597,-0.00467668,-0.04942803,-0.09407902
-7.28653740,112.79595390,0.99377152,-0.00511771,-0.05154593,-0.09866609
-7.28653420,112.79595360,0.99323101,-0.00540820,-0.05171608,-0.10386702
-7.28653100,112.79595330,0.99277486,-0.00560480,-0.05138426,-0.10828818
-7.28652770,112.79595300,0.99243184,-0.00577826,-0.05151436,-0.11131907
-7.28652450,112.79595280,0.99208011,-0.00598623,-0.05201572,-0.11417349
-7.28652120,112.79595260,0.99174218,-0.00627278,-0.05343784,-0.11641519
-7.28651800,112.79595230,0.99136455,-0.00649324,-0.05393345,-0.11935388
-7.28651480,112.79595200,0.99107477,-0.00663339,-0.05402460,-0.12168868
-7.28651170,112.79595180,0.99071974,-0.00683046,-0.05441231,-0.12436656
-7.28650840,112.79595160,0.99020390,-0.00711202,-0.05494726,-0.12816571
-7.28650520,112.79595130,0.98959239,-0.00740879,-0.05526873,-0.13265514
-7.28650190,112.79595110,0.98897049,-0.00768366,-0.05540868,-0.13714303
-7.28649870,112.79595080,0.98836558,-0.00786409,-0.05487832,-0.14163337
-7.28649560,112.79595060,0.98783435,-0.00805086,-0.05471853,-0.14534222
-7.28649240,112.79595040,0.98721578,-0.00831376,-0.05493975,-0.14939047
-7.28648920,112.79595010,0.98648639,-0.00864561,-0.05539949,-0.15395050
-7.28648620,112.79594980,0.98567433,-0.00884297,-0.05471914,-0.15929134
-7.28648300,112.79594960,0.98481798,-0.00903977,-0.05404849,-0.16471366
-7.28648000,112.79594940,0.98373725,-0.00924822,-0.05309935,-0.17133581
-7.28647690,112.79594930,0.98201769,-0.00950846,-0.05147856,-0.18138580
-7.28647390,112.79594920,0.97969091,-0.01004056,-0.05077828,-0.19371750
-7.28647100,112.79594920,0.97673347,-0.01110860,-0.05223942,-0.20770020
-7.28646800,112.79594930,0.97410029,-0.01249715,-0.05563532,-0.21880851
-7.28646490,112.79594940,0.97230768,-0.01347798,-0.05798695,-0.22599477
-7.28646180,112.79594950,0.97092195,-0.01370346,-0.05734348,-0.23202266
-7.28645850,112.79594960,0.96950046,-0.01374740,-0.05594832,-0.23822186
-7.28645530,112.79594980,0.96808647,-0.01373681,-0.05444716,-0.24424454
-7.28645200,112.79595000,0.96665120,-0.01410738,-0.05458849,-0.24981301
-7.28644870,112.79595020,0.96521238,-0.01454501,-0.05501178,-0.25520034
-7.28644540,112.79595050,0.96382231,-0.01471600,-0.05444547,-0.26051043
-7.28644210,112.79595080,0.96218705,-0.01473413,-0.05314758,-0.26674766
-7.28643870,112.79595120,0.96035940,-0.01480264,-0.05198228,-0.27347496
-7.28643550,112.79595150,0.95827589,-0.01521435,-0.05194486,-0.28067342
-7.28643230,112.79595190,0.95606022,-0.01578972,-0.05241377,-0.28801446
-7.28642910,112.79595220,0.95376974,-0.01633555,-0.05273905,-0.29542348
-7.28642590,112.79595260,0.95122627,-0.01683099,-0.05275435,-0.30348357
-7.28642280,112.79595300,0.94815683,-0.01721575,-0.05214721,-0.31302223
-7.28641960,112.79595350,0.94506428,-0.01798681,-0.05277550,-0.32209429
-7.28641650,112.79595400,0.94287936,-0.01868130,-0.05366047,-0.32825307
-7.28641330,112.79595460,0.94181207,-0.01886987,-0.05364365,-0.33129491
-7.28641020,112.79595510,0.94095168,-0.01876851,-0.05289791,-0.33385548
-7.28640700,112.79595550,0.94082325,-0.01868175,-0.05258057,-0.33427217
-7.28640380,112.79595580,0.94225749,-0.01727279,-0.04919943,-0.33080491
-7.28640060,112.79595610,0.94423495,-0.01639937,-0.04758675,-0.32540270
-7.28639750,112.79595630,0.94622390,-0.01771782,-0.05260188,-0.31871532
-7.28639430,112.79595650,0.94824462,-0.01779160,-0.05400226,-0.31240896
-7.28639120,112.79595670,0.94906090,-0.01654832,-0.05056988,-0.31056763
-7.28638810,112.79595690,0.94786116,-0.01657681,-0.04999191,-0.31430119
-7.28638520,112.79595710,0.94484952,-0.01617684,-0.04722180,-0.32367854
-7.28638230,112.79595740,0.94078196,-0.01535560,-0.04300475,-0.33592276
-7.28637950,112.79595780,0.93656340,-0.01623598,-0.04377412,-0.34737476
-7.28637670,112.79595820,0.93402643,-0.01882114,-0.04976929,-0.35321865
-7.28637380,112.79595850,0.93155478,-0.01636758,-0.04226375,-0.36076526
-7.28637120,112.79595880,0.92816193,-0.01276619,-0.03197439,-0.37058076
-7.28636870,112.79595900,0.92445746,-0.01002761,-0.02437105,-0.38037338
-7.28636640,112.79595920,0.92077264,-0.00759400,-0.01794692,-0.38961260
-7.28636420,112.79595960,0.91639002,-0.00717035,-0.01643183,-0.39988488
-7.28636190,112.79596010,0.91095307,-0.00581943,-0.01285868,-0.41226848
-7.28635970,112.79596060,0.90503453,-0.00247559,-0.00526805,-0.42529826
-7.28635750,112.79596100,0.90027224,0.00189720,0.00392368,-0.43530553
-7.28635550,112.79596120,0.89886765,0.01400366,0.02880101,-0.43704844
-7.28635370,112.79596150,0.89793944,0.01733064,0.03550162,-0.43834239
-7.28635190,112.79596180,0.89736094,0.01594892,0.03254141,-0.43980681
-7.28635030,112.79596210,0.89750435,0.02013444,0.04119956,-0.43861503
-7.28634870,112.79596240,0.89819949,0.02432397,0.05010437,-0.43604538
-7.28634740,112.79596260,0.89930660,0.01903624,0.03934330,-0.43512914
-7.28634600,112.79596290,0.90011933,0.00824386,0.01704944,-0.43523160
-7.28634460,112.79596330,0.90206224,-0.00671690,-0.01404755,-0.43132502
-7.28634290,112.79596400,0.90875957,-0.01624536,-0.03553210,-0.41548719
-7.28634080,112.79596460,0.91696760,-0.01131558,-0.02607383,-0.39794790
-7.28633850,112.79596520,0.92201658,-0.00699100,-0.01666757,-0.38672825
-7.28633600,112.79596570,0.92377237,-0.00872660,-0.02108871,-0.38226132
-7.28633360,112.79596610,0.92559242,-0.01077458,-0.02642208,-0.37744463
-7.28633120,112.79596630,0.92671218,-0.00858404,-0.02120892,-0.37507469
-7.28632900,112.79596650,0.91926390,-0.00173204,-0.00404506,-0.39361724
-7.28632700,112.79596680,0.90701832,-0.00316929,-0.00682764,-0.42102389
-7.28632510,112.79596730,0.89198945,-0.00752422,-0.01485674,-0.45174935
-7.28632320,112.79596790,0.87366696,-0.00332148,-0.00596507,-0.48647654
-7.28632130,112.79596870,0.85203683,0.00253964,0.00413378,-0.52345936
-7.28631960,112.79596960,0.82653444,0.00217879,0.00319938,-0.56287284
-7.28631810,112.79597060,0.79757473,-0.00289748,-0.00383116,-0.60320103
-7.28631660,112.79597190,0.76514049,-0.00248628,-0.00295465,-0.64385178
-7.28631520,112.79597330,0.73419875,0.00257308,0.00278257,-0.67892402
-7.28631380,112.79597480,0.70567586,0.00381766,0.00380237,-0.70851432
-7.28631260,112.79597640,0.67726100,-0.00068282,-0.00062854,-0.73574226
-7.28631150,112.79597820,0.64951274,-0.00172308,-0.00147191,-0.76034734
-7.28631030,112.79598020,0.63153817,-0.00579339,-0.00471908,-0.77530878
-7.28630910,112.79598220,0.62612506,-0.00223333,-0.00179340,-0.77971739
-7.28630790,112.79598430,0.62531063,0.00050810,0.00040714,-0.78037568
-7.28630650,112.79598640,0.62496680,-0.00257498,-0.00206147,-0.78064436
-7.28630520,112.79598850,0.62148951,0.00056479,0.00044805,-0.78342215
-7.28630400,112.79599050,0.61266185,0.00883902,0.00685254,-0.79026601
-7.28630300,112.79599250,0.59723189,0.00966417,0.00719689,-0.80197810
-7.28630210,112.79599460,0.57811983,0.00722094,0.00511650,-0.81590388
-7.28630140,112.79599670,0.55552844,0.01019823,0.00681424,-0.83140707
-7.28630070,112.79599880,0.53066286,0.01378696,0.00863346,-0.84742688
-7.28630020,112.79600100,0.50379013,0.01324471,0.00772564,-0.86368999
-7.28629990,112.79600320,0.47460780,0.00770149,0.00415289,-0.88015389
-7.28629970,112.79600540,0.44431739,0.00429100,0.00212820,-0.89585664
-7.28629970,112.79600770,0.41198937,0.00293927,0.00132898,-0.91118294
-7.28629990,112.79600990,0.37816381,0.00081127,0.00033140,-0.92573828
-7.28630010,112.79601200,0.34365814,-0.00282908,-0.00103529,-0.93908999
-7.28630060,112.79601420,0.30719053,0.00000829,0.00000268,-0.95164803
-7.28630120,112.79601630,0.26824711,0.00125150,0.00034848,-0.96334926
-7.28630200,112.79601830,0.22775535,-0.00250109,-0.00058501,-0.97371500
-7.28630290,112.79602030,0.18986415,-0.00499832,-0.00096660,-0.98179717
-7.28630410,112.79602210,0.15220960,-0.00069819,-0.00010752,-0.98834798
-7.28630540,112.79602380,0.11311640,0.00140272,0.00015970,-0.99358074
-7.28630680,112.79602540,0.07419535,0.00212355,0.00015799,-0.99724145
-7.28630820,112.79602690,0.03106144,0.00522985,0.00016253,-0.99950378
-7.28630970,112.79602820,-0.01666696,0.00442520,-0.00007377,-0.99985130
-7.28631140,112.79602920,-0.06592557,-0.00088172,0.00005825,-0.99782415
-7.28631320,112.79603000,-0.11649676,-0.00326642,0.00038314,-0.99318563
-7.28631510,112.79603060,-0.16831556,0.00453502,-0.00077437,-0.98572243
-7.28631700,112.79603110,-0.22451281,0.01051777,-0.00242339,-0.97441136
-7.28631900,112.79603130,-0.27655990,0.00068227,-0.00019635,-0.96099642
-7.28632120,112.79603130,-0.32251052,-0.00407927,0.00138989,-0.94655607
-7.28632350,112.79603100,-0.36178726,-0.00037848,0.00014688,-0.93226059
-7.28632590,112.79603060,-0.39008588,-0.00331123,0.00140281,-0.92077146
-7.28632840,112.79603000,-0.41066012,-0.01541834,0.00694546,-0.91163167
-7.28633110,112.79602940,-0.42650515,-0.02337504,0.01102688,-0.90411580
-7.28633400,112.79602860,-0.43593992,-0.02400807,0.01163440,-0.89958026
-7.28633690,112.79602780,-0.43897655,-0.03073818,0.01502856,-0.89784681
-7.28634000,112.79602710,-0.44051918,-0.02727497,0.01339140,-0.89722884
-7.28634310,112.79602660,-0.42719488,-0.02496634,0.01180153,-0.90373776
-7.28634610,112.79602630,-0.41365127,-0.01886509,0.00857347,-0.91019956
-7.28634910,112.79602610,-0.39633143,-0.02015424,0.00870273,-0.91784501
-7.28635200,112.79602590,-0.38355856,-0.02770429,0.01151233,-0.92302913
-7.28635500,112.79602580,-0.36832376,-0.01440006,0.00570575,-0.92956855
-7.28635780,112.79602550,-0.35282406,-0.01983253,0.00748025,-0.93544957
-7.28636080,112.79602530,-0.34319316,-0.01707800,0.00624121,-0.93908884
-7.28636370,112.79602520,-0.33399811,-0.01718446,0.00609040,-0.94239740
-7.28636730,112.79602510,-0.32010205,-0.02338971,0.00790561,-0.94706130
-7.28637020,112.79602530,-0.29715839,-0.01748552,0.00544278,-0.95465257
-7.28637300,112.79602550,-0.27508889,-0.01740846,0.00498193,-0.96124826
-7.28637580,112.79602590,-0.25938055,-0.01431506,0.00384508,-0.96566144
-7.28637830,112.79602650,-0.24316750,-0.01371366,0.00343827,-0.96988127
-7.28638080,112.79602690,-0.22993788,-0.01489362,0.00351933,-0.97308497
-7.28638320,112.79602740,-0.21574918,-0.00882017,0.00194893,-0.97640704
-7.28638560,112.79602800,-0.20191827,-0.01170409,0.00241315,-0.97932947
-7.28638800,112.79602850,-0.19044743,-0.01383123,0.00268351,-0.98159629
-7.28639030,112.79602910,-0.18583298,-0.00729860,0.00138040,-0.98255327
-7.28639230,112.79602960,-0.18583246,-0.00766106,0.00144896,-0.98255051
-7.28639430,112.79603000,-0.19962326,-0.00341202,0.00069511,-0.97986654
-7.28639620,112.79603030,-0.22112189,0.00307070,-0.00069624,-0.97524110
-7.28639810,112.79603040,-0.24200089,-0.00664845,0.00165826,-0.97025183
-7.28640020,112.79603030,-0.26537989,-0.00746373,0.00205445,-0.96411285
-7.28640230,112.79603020,-0.27940896,-0.00273213,0.00079505,-0.96016797
-7.28640450,112.79603000,-0.28742092,-0.01216571,0.00365105,-0.95772015
-7.28640690,112.79603000,-0.29459331,-0.01382228,0.00426153,-0.95551325
-7.28640920,112.79602990,-0.29827428,-0.01017955,0.00318130,-0.95442062
-7.28641150,112.79602990,-0.30192144,-0.01398921,0.00443092,-0.95321987
-7.28641390,112.79602980,-0.30448269,-0.01711152,0.00547086,-0.95234844
-7.28641610,112.79602980,-0.30733215,-0.01200719,0.00387822,-0.95151865
-7.28641840,112.79602970,-0.30917734,-0.00574223,0.00186687,-0.95098523
-7.28642070,112.79602950,-0.31107423,-0.00990847,0.00324337,-0.95032843
-7.28642290,112.79602940,-0.31091219,-0.00871418,0.00285076,-0.95039441
-7.28642520,112.79602940,-0.31117297,0.00252863,-0.00082795,-0.95034957
-7.28642720,112.79602930,-0.31671388,0.00805377,-0.00268928,-0.94848312
-7.28642940,112.79602910,-0.32127270,0.00288818,-0.00097984,-0.94698181
-7.28643150,112.79602890,-0.32614196,0.00451409,-0.00155741,-0.94530874
-7.28643380,112.79602870,-0.32407892,0.00446824,-0.00153069,-0.94601826
-7.28643610,112.79602850,-0.31465247,0.00395762,-0.00131192,-0.94919779
-7.28643840,112.79602840,-0.30436152,0.00492492,-0.00157364,-0.95254256
-7.28644080,112.79602840,-0.29270271,0.00417217,-0.00127715,-0.95619354
-7.28644310,112.79602850,-0.27278383,0.00115403,-0.00032721,-0.96207460
-7.28644540,112.79602870,-0.25105559,-0.00135785,0.00035217,-0.96797165
-7.28644780,112.79602900,-0.22852065,-0.00108799,0.00025539,-0.97353843
-7.28645020,112.79602950,-0.20295283,-0.00711981,0.00147574,-0.97916152
-7.28645260,112.79603000,-0.17983037,-0.00471762,0.00086244,-0.98368594
-7.28645480,112.79603070,-0.15798518,-0.00260083,0.00041612,-0.98743797
-7.28645700,112.79603160,-0.13960428,-0.00353452,0.00049832,-0.99020094
-7.28645920,112.79603250,-0.12117339,-0.00697659,0.00085167,-0.99260647
-7.28646130,112.79603340,-0.10539370,-0.00699843,0.00074174,-0.99440567
-7.28646340,112.79603440,-0.08967493,-0.00599447,0.00053974,-0.99595290
-7.28646560,112.79603540,-0.07749995,-0.00739869,0.00057514,-0.99696474
-7.28646770,112.79603650,-0.06922848,-0.01275950,0.00088552,-0.99751884
-7.28646980,112.79603760,-0.06600593,-0.01426532,0.00094375,-0.99771681
-7.28647190,112.79603870,-0.06435239,-0.01333299,0.00085987,-0.99783779
-7.28647390,112.79603970,-0.06478621,-0.01503046,0.00097593,-0.99778549
-7.28647600,112.79604080,-0.06460775,-0.01894111,0.00122653,-0.99773021
-7.28647810,112.79604180,-0.06739401,-0.01867975,0.00126199,-0.99755076
-7.28648020,112.79604280,-0.06826529,-0.01806076,0.00123601,-0.99750295
-7.28648230,112.79604380,-0.06939623,-0.01857010,0.00129203,-0.99741548
-7.28648440,112.79604470,-0.07217850,-0.02051524,0.00148495,-0.99717961
-7.28648660,112.79604560,-0.07826448,-0.02288143,0.00179679,-0.99666839
-7.28648880,112.79604650,-0.08530658,-0.02332936,0.00199798,-0.99607958
-7.28649110,112.79604730,-0.09251913,-0.02325257,0.00216117,-0.99543702
-7.28649330,112.79604820,-0.10015975,-0.02365270,0.00238170,-0.99468734
-7.28649560,112.79604890,-0.10918596,-0.02246680,0.00246845,-0.99376435
-7.28649790,112.79604970,-0.11898551,-0.02035373,0.00243965,-0.99268435
-7.28650020,112.79605030,-0.12850733,-0.02093487,0.00271339,-0.99148385
-7.28650250,112.79605090,-0.13819013,-0.02141521,0.00298875,-0.99016965
-7.28650490,112.79605140,-0.14786750,-0.01931999,0.00288912,-0.98881424
-7.28650730,112.79605180,-0.15804857,-0.01696510,0.00271585,-0.98728185
-7.28650980,112.79605210,-0.17008717,-0.02036466,0.00351576,-0.98521230
-7.28651230,112.79605240,-0.18500383,-0.02553931,0.00480955,-0.98239411
-7.28651480,112.79605260,-0.20451931,-0.02412912,0.00504303,-0.97855210
-7.28651740,112.79605260,-0.22599039,-0.02351989,0.00545811,-0.97383025
-7.28652000,112.79605260,-0.24563775,-0.02661122,0.00674603,-0.96897287
-7.28652270,112.79605240,-0.26273298,-0.03032214,0.00826108,-0.96435663
-7.28652530,112.79605220,-0.27592904,-0.02923317,0.00839628,-0.96069667
-7.28652800,112.79605190,-0.28658304,-0.02638139,0.00789473,-0.95765957
-7.28653060,112.79605160,-0.29626483,-0.02602598,0.00807630,-0.95471701
-7.28653320,112.79605130,-0.30573801,-0.02704967,0.00868991,-0.95169169
-7.28653590,112.79605100,-0.31453121,-0.02664454,0.00883248,-0.94883200
-7.28653860,112.79605060,-0.31885586,-0.02413651,0.00812283,-0.94746102
-7.28654130,112.79605020,-0.31994675,-0.02216067,0.00748589,-0.94714674
-7.28654400,112.79604980,-0.31738806,-0.02156474,0.00721965,-0.94802303
-7.28654670,112.79604940,-0.31382905,-0.02150811,0.00711104,-0.94920923
-7.28654940,112.79604900,-0.31624555,-0.01935612,0.00645394,-0.94845793
-7.28655210,112.79604860,-0.32532617,-0.02056360,0.00707660,-0.94535176
-7.28655470,112.79604800,-0.33477543,-0.02309548,0.00820804,-0.94197911
-7.28655730,112.79604730,-0.34347388,-0.02309025,0.00844755,-0.93884034
-7.28656000,112.79604670,-0.35257251,-0.02064839,0.00778179,-0.93552430
-7.28656260,112.79604610,-0.36111689,-0.02203215,0.00853465,-0.93222118
-7.28656520,112.79604550,-0.36257021,-0.02313912,0.00900529,-0.93162564
-7.28656780,112.79604480,-0.35477160,-0.02112649,0.00801887,-0.93467988
-7.28657050,112.79604430,-0.34487233,-0.02240013,0.00823277,-0.93834617
-7.28657320,112.79604370,-0.33609115,-0.02299277,0.00820771,-0.94151299
-7.28657590,112.79604330,-0.32654105,-0.02333306,0.00806384,-0.94486056
-7.28657860,112.79604300,-0.31267088,-0.02128163,0.00700734,-0.94959724
-7.28658130,112.79604260,-0.30112407,-0.02212027,0.00698723,-0.95330277
-7.28658400,112.79604240,-0.29626118,-0.02645392,0.00820910,-0.95470525
-7.28658670,112.79604210,-0.29457677,-0.02846227,0.00877789,-0.95516353
-7.28658940,112.79604190,-0.29316271,-0.02811438,0.00862495,-0.95561018
-7.28659210,112.79604150,-0.29266636,-0.02766597,0.00847154,-0.95577677
-7.28659480,112.79604110,-0.29298974,-0.02879298,0.00882763,-0.95564117
-7.28659750,112.79604070,-0.29281108,-0.03005262,0.00920809,-0.95565356
-7.28660010,112.79604030,-0.29097947,-0.02968593,0.00903342,-0.95622596
-7.28660280,112.79604000,-0.28745347,-0.03172166,0.00952601,-0.95722176
-7.28660550,112.79603970,-0.28309669,-0.03277996,0.00968187,-0.95848213
-7.28660820,112.79603950,-0.27857179,-0.03332800,0.00967322,-0.95978822
-7.28661090,112.79603940,-0.27296422,-0.03246900,0.00921841,-0.96143191
-7.28661360,112.79603930,-0.26717603,-0.03189094,0.00884714,-0.96307926
-7.28661630,112.79603920,-0.26110321,-0.03372395,0.00912784,-0.96467844
-7.28661900,112.79603910,-0.25198975,-0.03490090,0.00909426,-0.96705759
-7.28662170,112.79603910,-0.23974699,-0.03342067,0.00825840,-0.97022484
-7.28662430,112.79603920,-0.22933238,-0.03184337,0.00750692,-0.97279818
-7.28662700,112.79603920,-0.22066003,-0.03248814,0.00735430,-0.97478182
-7.28662960,112.79603920,-0.21137814,-0.03253990,0.00704132,-0.97683717
-7.28663220,112.79603920,-0.20233889,-0.03177246,0.00656819,-0.97877798
-7.28663480,112.79603930,-0.19370629,-0.03151392,0.00622564,-0.98053352
-7.28663750,112.79603950,-0.18514344,-0.03137086,0.00591341,-0.98219286
-7.28664020,112.79603970,-0.17734166,-0.03074704,0.00554335,-0.98365331
-7.28664280,112.79604000,-0.16883658,-0.03087184,0.00529089,-0.98514626
-7.28664530,112.79604020,-0.16523100,-0.02966688,0.00497252,-0.98579606
-7.28664790,112.79604050,-0.17355875,-0.03160218,0.00557232,-0.98430057
-7.28665030,112.79604060,-0.18924106,-0.03368491,0.00649584,-0.98133121
-7.28665270,112.79604060,-0.21149560,-0.02771317,0.00599940,-0.97696755
-7.28665510,112.79604050,-0.23531457,-0.02565045,0.00621260,-0.97156086
-7.28665750,112.79604010,-0.25572519,-0.03224810,0.00853537,-0.96617381
-7.28666000,112.79603960,-0.26769006,-0.03912447,0.01087960,-0.96264892
-7.28666270,112.79603900,-0.27069828,-0.04035503,0.01135849,-0.96175095
-7.28666540,112.79603830,-0.27224420,-0.03722517,0.01054068,-0.96145009
-7.28666820,112.79603770,-0.27503313,-0.03522245,0.01008325,-0.96073643
-7.28667090,112.79603710,-0.27880873,-0.03471658,0.01008610,-0.95966594
-7.28667360,112.79603650,-0.28113025,-0.03675657,0.01077623,-0.95890490
-7.28667630,112.79603580,-0.28160121,-0.03941509,0.01157807,-0.95865174
-7.28667900,112.79603510,-0.28193554,-0.03943395,0.01159856,-0.95855244
-7.28668180,112.79603440,-0.28094503,-0.03831558,0.01122604,-0.95889300
-7.28668460,112.79603380,-0.27944295,-0.03794486,0.01105273,-0.95934856
-7.28668740,112.79603330,-0.27625531,-0.03840036,0.01104740,-0.96025329
-7.28669020,112.79603270,-0.27079829,-0.03896888,0.01097201,-0.96178445
-7.28669300,112.79603230,-0.26189021,-0.03905782,0.01060812,-0.96424866
-7.28669590,112.79603200,-0.25059605,-0.03926170,0.01017205,-0.96724178
-7.28669870,112.79603170,-0.23952910,-0.03871090,0.00955847,-0.97007005
-7.28670150,112.79603150,-0.22875584,-0.03962049,0.00931844,-0.97263259
-7.28670430,112.79603140,-0.21778395,-0.04062881,0.00907417,-0.97510877
-7.28670720,112.79603150,-0.20619806,-0.04050576,0.00854329,-0.97763421
-7.28671010,112.79603140,-0.19467289,-0.03982328,0.00791050,-0.98002755
-7.28671290,112.79603140,-0.18328305,-0.04022208,0.00750556,-0.98220832
-7.28671570,112.79603160,-0.17169518,-0.04087073,0.00712941,-0.98427614
-7.28671850,112.79603170,-0.16095551,-0.03988169,0.00650944,-0.98613407
-7.28672180,112.79603190,-0.15087684,-0.04024384,0.00614739,-0.98771394
-7.28672460,112.79603210,-0.14112369,-0.04132457,0.00589607,-0.98911153
-7.28672730,112.79603240,-0.13110214,-0.04170807,0.00552060,-0.99047574
-7.28673000,112.79603260,-0.12089931,-0.04111318,0.00501165,-0.99180036
-7.28673270,112.79603300,-0.11198373,-0.04030649,0.00454603,-0.99288185
-7.28673550,112.79603340,-0.10314033,-0.04064487,0.00421816,-0.99382708
-7.28673810,112.79603380,-0.09759779,-0.03819658,0.00374857,-0.99448562
-7.28674050,112.79603430,-0.09708524,-0.03595067,0.00350916,-0.99462038
-7.28674300,112.79603460,-0.09673055,-0.03802359,0.00369810,-0.99457716
-7.28674590,112.79603490,-0.09592239,-0.04475194,0.00431701,-0.99437293
-7.28674920,112.79603490,-0.09366040,-0.06286454,0.00592584,-0.99359985
-7.28675270,112.79603480,-0.09675063,-0.07962964,0.00776566,-0.99208776
-7.28675640,112.79603480,-0.10044043,-0.07261353,0.00735021,-0.99226255
-7.28676020,112.79603500,-0.10077135,-0.06229520,0.00632222,-0.99293730
-7.28676410,112.79603510,-0.10094648,-0.06200678,0.00630389,-0.99293768
-7.28676810,112.79603520,-0.10144470,-0.06531011,0.00667427,-0.99267266
-7.28677220,112.79603540,-0.10205711,-0.06440579,0.00662161,-0.99266933
-7.28677630,112.79603550,-0.10189774,-0.06228722,0.00639281,-0.99282238
-7.28678020,112.79603570,-0.10163263,-0.06309146,0.00645866,-0.99279835
-7.28678380,112.79603590,-0.10090912,-0.05367382,0.00545199,-0.99343180
-7.28678720,112.79603610,-0.10047140,-0.03548605,0.00358577,-0.99430045
-7.28679020,112.79603650,-0.10317413,-0.03169437,0.00328927,-0.99415278
-7.28679290,112.79603680,-0.10876383,-0.04323936,0.00473548,-0.99311548
-7.28679540,112.79603710,-0.11461751,-0.05013661,0.00579214,-0.99212680
-7.28679780,112.79603730,-0.11929481,-0.04956350,0.00596274,-0.99160307
-7.28680010,112.79603740,-0.12615458,-0.04516439,0.00574964,-0.99096526
-7.28680230,112.79603740,-0.13189292,-0.03933471,0.00523789,-0.99046939
-7.28680450,112.79603750,-0.13444368,-0.02992847,0.00406245,-0.99046084
-7.28680700,112.79603730,-0.13559991,-0.02055898,0.00281440,-0.99054635
-7.28680960,112.79603710,-0.13561386,-0.01485897,0.00203410,-0.99064825
-7.28681240,112.79603690,-0.13240875,-0.01749764,0.00233779,-0.99103799
-7.28681530,112.79603680,-0.12252808,-0.02343210,0.00289371,-0.99218417
-7.28681820,112.79603680,-0.10986735,-0.02695947,0.00298112,-0.99357610
-7.28682110,112.79603680,-0.09693498,-0.02856708,0.00278341,-0.99487677
-7.28682390,112.79603710,-0.08424289,-0.03206679,0.00271245,-0.99592545
-7.28682670,112.79603740,-0.07206138,-0.03536766,0.00255690,-0.99676966
-7.28682930,112.79603780,-0.05935474,-0.03605322,0.00214511,-0.99758337
-7.28683190,112.79603810,-0.04515695,-0.03740268,0.00169190,-0.99827803
-7.28683450,112.79603850,-0.03173548,-0.03898669,0.00123883,-0.99873488
-7.28683710,112.79603900,-0.01848517,-0.03925321,0.00072629,-0.99905803
-7.28683970,112.79603960,-0.00418555,-0.03925964,0.00016445,-0.99922026
-7.28684230,112.79604020,0.01002815,-0.03820382,-0.00038341,-0.99921957
-7.28684490,112.79604090,0.02354377,-0.03683672,-0.00086811,-0.99904354
-7.28684750,112.79604170,0.03670714,-0.03595421,-0.00132152,-0.99867819
-7.28685020,112.79604250,0.04995007,-0.03616636,-0.00180996,-0.99809504
-7.28685280,112.79604340,0.06318665,-0.03519617,-0.00222977,-0.99737842
-7.28685540,112.79604440,0.07459072,-0.03260981,-0.00244050,-0.99667792
-7.28685800,112.79604540,0.08580409,-0.03315869,-0.00285728,-0.99575599
-7.28686050,112.79604650,0.09795692,-0.03487845,-0.00343523,-0.99457334
-7.28686300,112.79604770,0.11001728,-0.03388216,-0.00375260,-0.99334491
-7.28686550,112.79604880,0.12197383,-0.03330844,-0.00409566,-0.99196580
-7.28686790,112.79605000,0.13166613,-0.03259739,-0.00433205,-0.99074854
-7.28687030,112.79605120,0.13617412,-0.02944450,-0.00404910,-0.99023898
-7.28687260,112.79605240,0.13540257,-0.02787397,-0.00381082,-0.99039117
-7.28687490,112.79605360,0.13668504,-0.03122822,-0.00431106,-0.99011283
-7.28687730,112.79605480,0.13883982,-0.03232621,-0.00453452,-0.98977672
-7.28687960,112.79605610,0.14074585,-0.03098695,-0.00440734,-0.98955090
-7.28688200,112.79605730,0.14471176,-0.03209403,-0.00469632,-0.98894207
-7.28688450,112.79605850,0.15108304,-0.03439116,-0.00525952,-0.98790865
-7.28688700,112.79605990,0.15908517,-0.03616096,-0.00583089,-0.98658517
-7.28688950,112.79606120,0.16819630,-0.03737624,-0.00638212,-0.98502400
-7.28689190,112.79606260,0.17696506,-0.03617725,-0.00650931,-0.98353048
-7.28689430,112.79606400,0.18502597,-0.03626682,-0.00683302,-0.98204044
-7.28689680,112.79606550,0.19264320,-0.03680529,-0.00723092,-0.98055172
-7.28689910,112.79606710,0.20093355,-0.03711321,-0.00761825,-0.97887194
-7.28690150,112.79606860,0.20989057,-0.03750584,-0.00805767,-0.97697202
-7.28690380,112.79607020,0.21890626,-0.03884526,-0.00872210,-0.97493334
-7.28690600,112.79607190,0.22858313,-0.03992849,-0.00938353,-0.97265997
-7.28690820,112.79607360,0.23985882,-0.03959777,-0.00979212,-0.96995045
-7.28691040,112.79607530,0.25119728,-0.03825391,-0.00993588,-0.96712866
-7.28691260,112.79607710,0.26198589,-0.03799430,-0.01032282,-0.96426826
-7.28691470,112.79607890,0.27230944,-0.03888848,-0.01101533,-0.96136045
-7.28691670,112.79608070,0.28194147,-0.03894100,-0.01145357,-0.95857260
-7.28691880,112.79608250,0.29139247,-0.03782245,-0.01153101,-0.95578603
-7.28692080,112.79608440,0.29988941,-0.03764024,-0.01184265,-0.95315755
-7.28692270,112.79608630,0.30844466,-0.03752619,-0.01217852,-0.95042378
-7.28692460,112.79608820,0.31665804,-0.03634894,-0.01214455,-0.94776524
-7.28692640,112.79609010,0.32403304,-0.03441103,-0.01179495,-0.94534615
-7.28692830,112.79609200,0.33014995,-0.03281495,-0.01148520,-0.94328801
-7.28693020,112.79609390,0.33558171,-0.03239831,-0.01154926,-0.94138296
-7.28693200,112.79609580,0.34018933,-0.03143088,-0.01137782,-0.93976266
-7.28693380,112.79609770,0.34121446,-0.02782120,-0.01010410,-0.93951933
-7.28693570,112.79609960,0.34049422,-0.02612162,-0.00946363,-0.93983604
-7.28693750,112.79610160,0.34055740,-0.02792743,-0.01012062,-0.93975438
-7.28693940,112.79610360,0.34136029,-0.02945749,-0.01070419,-0.93940983
-7.28694130,112.79610560,0.34365856,-0.02909093,-0.01065153,-0.93858354
-7.28694320,112.79610770,0.34829556,-0.03132664,-0.01164716,-0.93678876
-7.28694510,112.79610980,0.35318337,-0.03223272,-0.01217652,-0.93491940
-7.28694700,112.79611190,0.35832204,-0.03185828,-0.01223563,-0.93297409
-7.28694880,112.79611390,0.36287611,-0.03187375,-0.01242065,-0.93120928
-7.28695060,112.79611600,0.36717395,-0.03219926,-0.01271934,-0.92950778
-7.28695230,112.79611820,0.37171625,-0.03182759,-0.01275269,-0.92771299
-7.28695400,112.79612030,0.37568623,-0.03130726,-0.01269983,-0.92613089
-7.28695570,112.79612250,0.37987867,-0.03170091,-0.01302735,-0.92440118
-7.28695740,112.79612470,0.38455693,-0.03133072,-0.01306097,-0.92247697
-7.28695900,112.79612680,0.38906987,-0.03059866,-0.01293167,-0.92060911
-7.28696070,112.79612900,0.39332891,-0.03016511,-0.01291321,-0.91881211
-7.28696240,112.79613110,0.39772039,-0.03106708,-0.01347613,-0.91688152
-7.28696410,112.79613320,0.40267151,-0.03124997,-0.01375683,-0.91470752
-7.28696580,112.79613540,0.40675119,-0.03034310,-0.01351914,-0.91293483
-7.28696740,112.79613760,0.41160373,-0.03036729,-0.01372412,-0.91075345
-7.28696900,112.79613980,0.41621427,-0.02989597,-0.01369375,-0.90867177
-7.28697060,112.79614200,0.42010468,-0.02926142,-0.01355478,-0.90690247
-7.28697210,112.79614420,0.42358279,-0.02927782,-0.01369916,-0.90528049
-7.28697370,112.79614640,0.42736686,-0.02949547,-0.01395189,-0.90348931
-7.28697520,112.79614860,0.43016395,-0.02679209,-0.01277343,-0.90226271
-7.28697660,112.79615090,0.43287237,-0.02431216,-0.01167976,-0.90105162
-7.28697810,112.79615300,0.43631609,-0.02523092,-0.01224059,-0.89935635
-7.28697950,112.79615530,0.44197928,-0.02899556,-0.01429588,-0.89644253
-7.28698090,112.79615770,0.44938054,-0.02979848,-0.01500011,-0.89271730
-7.28698230,112.79616010,0.45800889,-0.02952416,-0.01522225,-0.88832678
-7.28698370,112.79616260,0.46497313,-0.02931521,-0.01540715,-0.88470516
-7.28698500,112.79616490,0.46282485,-0.02848257,-0.01488083,-0.88586707
-7.28698640,112.79616720,0.45431638,-0.02760373,-0.01408605,-0.89030121
-7.28698780,112.79616930,0.44490556,-0.02674389,-0.01329324,-0.89507938
-7.28698930,112.79617140,0.43393973,-0.02672633,-0.01287975,-0.90045329
-7.28699080,112.79617350,0.42322431,-0.02675514,-0.01250456,-0.90554347
-7.28699250,112.79617560,0.41254800,-0.02528385,-0.01145596,-0.91051284
-7.28699420,112.79617770,0.40236910,-0.02396419,-0.01053701,-0.91510316
-7.28699590,112.79617970,0.39196510,-0.02379507,-0.01014210,-0.91961638
-7.28699760,112.79618170,0.38150900,-0.02375670,-0.00980879,-0.92400773
-7.28699940,112.79618360,0.37288785,-0.02147618,-0.00863337,-0.92758767
-7.28700110,112.79618550,0.37107367,-0.01540589,-0.00615724,-0.92845521
-7.28700280,112.79618740,0.37730589,-0.01508329,-0.00614617,-0.92594545
-7.28700440,112.79618930,0.38469789,-0.01891108,-0.00788354,-0.92281512
-7.28700600,112.79619130,0.38863637,-0.01933453,-0.00815728,-0.92115222
-7.28700760,112.79619340,0.39203274,-0.01656303,-0.00705960,-0.91977506
-7.28700920,112.79619550,0.39676357,-0.01647628,-0.00712310,-0.91774531
-7.28701070,112.79619770,0.40106695,-0.01847565,-0.00809102,-0.91582667
-7.28701230,112.79619980,0.40504715,-0.01973929,-0.00874725,-0.91404084
-7.28701390,112.79620190,0.40903312,-0.01953658,-0.00875960,-0.91226833
-7.28701540,112.79620410,0.41293192,-0.01932901,-0.00876599,-0.91051457
-7.28701690,112.79620610,0.41658028,-0.01963460,-0.00899978,-0.90884232
-7.28701840,112.79620820,0.41982588,-0.01994897,-0.00923040,-0.90733845
-7.28702030,112.79621070,0.42267288,-0.02005660,-0.00935681,-0.90601204
-7.28702180,112.79621270,0.42091022,-0.02215287,-0.01028302,-0.90677345
-7.28702340,112.79621480,0.41701086,-0.02375732,-0.01090455,-0.90852552
-7.28702500,112.79621690,0.41297306,-0.02296501,-0.01041739,-0.91039406
-7.28702670,112.79621900,0.40820100,-0.02298408,-0.01028128,-0.91254478
-7.28702840,112.79622100,0.40114089,-0.02646344,-0.01159461,-0.91556061
-7.28703020,112.79622300,0.39231573,-0.02800030,-0.01194892,-0.91932670
-7.28703200,112.79622490,0.38221499,-0.02552592,-0.01056275,-0.92366041
-7.28703390,112.79622680,0.37139395,-0.02511174,-0.01004907,-0.92808133
-7.28703580,112.79622850,0.35771841,-0.02797686,-0.01072251,-0.93334873
-7.28703780,112.79623020,0.34170023,-0.02837792,-0.01032311,-0.93932374
-7.28703980,112.79623180,0.32345818,-0.02671182,-0.00913509,-0.94582125
-7.28704190,112.79623330,0.30333024,-0.02688574,-0.00856224,-0.95246764
-7.28704410,112.79623480,0.28281019,-0.02760727,-0.00814359,-0.95874393
-7.28704630,112.79623610,0.26200169,-0.02708801,-0.00735711,-0.96465913
-7.28704860,112.79623730,0.24023430,-0.02480110,-0.00613995,-0.97037863
-7.28705100,112.79623840,0.21832877,-0.02469859,-0.00552758,-0.97554701
-7.28705340,112.79623940,0.19673717,-0.02512786,-0.00504385,-0.98012124
-7.28705590,112.79624030,0.17453612,-0.02522971,-0.00447365,-0.98431732
-7.28705840,112.79624110,0.15310669,-0.02565486,-0.00397617,-0.98786859
-7.28706100,112.79624190,0.13384464,-0.02841791,-0.00383973,-0.99058735
-7.28706370,112.79624250,0.11470708,-0.03122102,-0.00360687,-0.99290207
-7.28706640,112.79624300,0.09936049,-0.03029729,-0.00302674,-0.99458554
-7.28706910,112.79624350,0.08407564,-0.02955012,-0.00249438,-0.99601800
-7.28707180,112.79624390,0.06841950,-0.03007559,-0.00206353,-0.99720107
-7.28707450,112.79624420,0.05387847,-0.03104985,-0.00167616,-0.99806323
-7.28707720,112.79624440,0.03932667,-0.03212728,-0.00126509,-0.99870899
-7.28707990,112.79624450,0.02502974,-0.03234622,-0.00081030,-0.99916294
-7.28708270,112.79624450,0.01160041,-0.03152280,-0.00036588,-0.99943565
-7.28708540,112.79624450,-0.00191891,-0.03140737,0.00006030,-0.99950482
-7.28708810,112.79624440,-0.01351937,-0.03103647,0.00041983,-0.99942673
-7.28709080,112.79624430,-0.02442048,-0.03093245,0.00075597,-0.99922282
-7.28709350,112.79624400,-0.03671324,-0.03100354,0.00113956,-0.99884414
-7.28709610,112.79624360,-0.04969850,-0.03029103,0.00150798,-0.99830368
-7.28709880,112.79624310,-0.06511578,-0.02825045,0.00184420,-0.99747604
-7.28710130,112.79624250,-0.08451700,-0.02672417,0.00226758,-0.99606102
-7.28710380,112.79624180,-0.10509734,-0.02695190,0.00284941,-0.99409256
-7.28710630,112.79624090,-0.12415631,-0.02852285,0.00357040,-0.99184621
-7.28710880,112.79623990,-0.14317563,-0.02813570,0.00407196,-0.98928891
-7.28711130,112.79623890,-0.15963393,-0.03024210,0.00489274,-0.98670081
-7.28711380,112.79623770,-0.17347197,-0.03175831,0.00559699,-0.98431070
-7.28711630,112.79623660,-0.18711276,-0.03163518,0.00602901,-0.98181041
-7.28711870,112.79623540,-0.19969395,-0.03123534,0.00636910,-0.97933963
-7.28712100,112.79623420,-0.20789697,-0.03033931,0.00645159,-0.97765881
-7.28712340,112.79623290,-0.21199041,-0.03030161,0.00657636,-0.97677972
-7.28712570,112.79623150,-0.21591607,-0.02933825,0.00649070,-0.97594948
-7.28712800,112.79623010,-0.22085871,-0.02845452,0.00644643,-0.97486933
-7.28713030,112.79622870,-0.22561635,-0.02898179,0.00671495,-0.97376190
-7.28713260,112.79622720,-0.22974656,-0.03314125,0.00782815,-0.97265456
-7.28713490,112.79622580,-0.23458165,-0.03312718,0.00799901,-0.97149887
-7.28713710,112.79622430,-0.24036832,-0.02986378,0.00739884,-0.97019404
-7.28713940,112.79622280,-0.24552587,-0.03028301,0.00767403,-0.96888652
-7.28714160,112.79622120,-0.25057452,-0.03273884,0.00847903,-0.96750643
-7.28714380,112.79621950,-0.25588877,-0.03281230,0.00869083,-0.96611012
-7.28714610,112.79621780,-0.26086881,-0.03174656,0.00858372,-0.96481394
-7.28714830,112.79621600,-0.26649330,-0.03300337,0.00913094,-0.96322828
-7.28715040,112.79621420,-0.27446582,-0.03330200,0.00951146,-0.96097296
-7.28715250,112.79621240,-0.28427507,-0.03201183,0.00949753,-0.95816112
-7.28715460,112.79621060,-0.29496303,-0.03159705,0.00975978,-0.95493622
-7.28715650,112.79620870,-0.30635666,-0.03164313,0.01018997,-0.95133615
-7.28715830,112.79620680,-0.32054642,-0.02889240,0.00978235,-0.94674153
-7.28716010,112.79620480,-0.33604180,-0.02808834,0.01002667,-0.94137475
-7.28716180,112.79620270,-0.34968673,-0.03116542,0.01163987,-0.93627583
-7.28716340,112.79620060,-0.36272803,-0.03077230,0.01198525,-0.93130972
-7.28716500,112.79619830,-0.37483115,-0.02871652,0.01161680,-0.92657543
-7.28716660,112.79619600,-0.38596001,-0.02874576,0.01203345,-0.92198902
-7.28716810,112.79619360,-0.39772966,-0.03042967,0.01319963,-0.91690290
-7.28716950,112.79619120,-0.41009455,-0.03029216,0.01362973,-0.91143792
-7.28717090,112.79618880,-0.42222729,-0.03008514,0.01402254,-0.90588209
-7.28717210,112.79618630,-0.43421027,-0.02962051,0.01428724,-0.90021106
-7.28717320,112.79618400,-0.44548822,-0.02942934,0.01465369,-0.89468398
-7.28717430,112.79618160,-0.45170324,-0.02563489,0.01298564,-0.89170534
-7.28717540,112.79617930,-0.45133507,-0.02415692,0.01222371,-0.89194376
-7.28717640,112.79617700,-0.45069568,-0.02534926,0.01280483,-0.89222579
-7.28717750,112.79617470,-0.45186729,-0.02504742,0.01269354,-0.89164312
-7.28717860,112.79617230,-0.45459097,-0.02483934,0.01268359,-0.89026355
-7.28717960,112.79616990,-0.46056726,-0.02444351,0.01268926,-0.88719744
-7.28718050,112.79616750,-0.46886264,-0.02207684,0.01172364,-0.88291732
-7.28718120,112.79616520,-0.48236923,-0.01518950,0.00836604,-0.87579633
-7.28718180,112.79616280,-0.49773711,-0.01450405,0.00832504,-0.86716671
-7.28718250,112.79616030,-0.50923264,-0.02314534,0.01370175,-0.86020851
-7.28718310,112.79615770,-0.51472185,-0.03003240,0.01804529,-0.85664102
-7.28718370,112.79615500,-0.51673021,-0.03039442,0.01836042,-0.85541158
-7.28718450,112.79615230,-0.51394640,-0.02771827,0.01661862,-0.85721328
-7.28718520,112.79614970,-0.50727317,-0.02785010,0.01640496,-0.86117895
-7.28718600,112.79614710,-0.49954348,-0.03026977,0.01746921,-0.86558355
-7.28718690,112.79614460,-0.49360553,-0.03208147,0.01822481,-0.86890288
-7.28718790,112.79614160,-0.49213738,-0.03336857,0.01888287,-0.86967280
-7.28718870,112.79613900,-0.49362202,-0.03479345,0.01976945,-0.86875537
-7.28718930,112.79613690,-0.49516496,-0.03353698,0.01913303,-0.86794059
-7.28719000,112.79613430,-0.49748816,-0.03102258,0.01780637,-0.86673298
-7.28719060,112.79613170,-0.50211454,-0.02996972,0.01741479,-0.86410620
-7.28719120,112.79612900,-0.50773741,-0.03090666,0.01823085,-0.86076427
-7.28719180,112.79612640,-0.51304497,-0.03152408,0.01885930,-0.85757531
-7.28719230,112.79612380,-0.51828361,-0.03097428,0.01878826,-0.85444116
-7.28719280,112.79612110,-0.52417076,-0.03044048,0.01875275,-0.85086234
-7.28719310,112.79611840,-0.53092423,-0.02969801,0.01862230,-0.84669398
-7.28719340,112.79611570,-0.53812682,-0.03037041,0.01940776,-0.84209293
-7.28719360,112.79611300,-0.54699752,-0.02977969,0.01947615,-0.83637764
-7.28719380,112.79611030,-0.55586687,-0.02973732,0.01990364,-0.83050079
-7.28719380,112.79610760,-0.56435902,-0.03074100,0.02103698,-0.82468863
-7.28719380,112.79610490,-0.57223217,-0.03119020,0.02178693,-0.81920867
-7.28719380,112.79610150,-0.57963682,-0.03123302,0.02224131,-0.81397235
-7.28719370,112.79609880,-0.58643527,-0.03105452,0.02250865,-0.80908754
-7.28719350,112.79609590,-0.59333748,-0.03070737,0.02266012,-0.80404863
-7.28719320,112.79609320,-0.60081920,-0.03049864,0.02294900,-0.79847321
-7.28719290,112.79609040,-0.60880366,-0.03021030,0.02321051,-0.79240565
-7.28719250,112.79608770,-0.61707233,-0.02982660,0.02341647,-0.78599223
-7.28719200,112.79608500,-0.62693131,-0.03071446,0.02474806,-0.77807537
-7.28719140,112.79608230,-0.63789182,-0.03165633,0.02625827,-0.76902692
-7.28719070,112.79607950,-0.65005628,-0.03033294,0.02598470,-0.75883565
-7.28718990,112.79607690,-0.66241776,-0.02990302,0.02647922,-0.74806910
-7.28718890,112.79607420,-0.67488953,-0.03033998,0.02779173,-0.73677081
-7.28718790,112.79607150,-0.68688661,-0.02985658,0.02826359,-0.72560081
-7.28718680,112.79606900,-0.69810418,-0.02866208,0.02798969,-0.71487454
-7.28718570,112.79606640,-0.70920330,-0.02927619,0.02950188,-0.70377782
-7.28718440,112.79606400,-0.72129526,-0.03060152,0.03193328,-0.69121412
-7.28718300,112.79606150,-0.73130067,-0.02994408,0.03217296,-0.68063763
-7.28718150,112.79605920,-0.74229827,-0.02718597,0.03017190,-0.66883769
-7.28717990,112.79605690,-0.75336506,-0.02619686,0.03006708,-0.65639224
-7.28717830,112.79605470,-0.76398686,-0.02775513,0.03293693,-0.64379259
-7.28717650,112.79605250,-0.77407271,-0.02801935,0.03434288,-0.63154329
-7.28717470,112.79605050,-0.78413069,-0.02616349,0.03313467,-0.61915800
-7.28717270,112.79604850,-0.79369351,-0.02490830,0.03257281,-0.60693427
-7.28717070,112.79604660,-0.80313531,-0.02519706,0.03405187,-0.59428887
-7.28716870,112.79604470,-0.81297556,-0.02552361,0.03573658,-0.58063945
-7.28716660,112.79604290,-0.82339757,-0.02460238,0.03580338,-0.56579968
-7.28716440,112.79604120,-0.83371237,-0.02337388,0.03539455,-0.55056750
-7.28716210,112.79603960,-0.84272920,-0.02409720,0.03785418,-0.53646424
-7.28715980,112.79603800,-0.85154305,-0.02421188,0.03947925,-0.52223521
-7.28715750,112.79603650,-0.86064967,-0.02191216,0.03716980,-0.50736615
-7.28715510,112.79603510,-0.86927928,-0.02080798,0.03672561,-0.49251578
-7.28715270,112.79603380,-0.87765147,-0.02130277,0.03917773,-0.47722028
-7.28715030,112.79603250,-0.88662957,-0.01985805,0.03823653,-0.46046893
-7.28714780,112.79603140,-0.89543594,-0.01803887,0.03643483,-0.44333010
-7.28714530,112.79603030,-0.90279169,-0.01928872,0.04071360,-0.42771195
-7.28714270,112.79602930,-0.91105834,-0.01805049,0.04011734,-0.40992376
-7.28714020,112.79602850,-0.91879087,-0.01593726,0.03729222,-0.39265588
-7.28713760,112.79602770,-0.92577455,-0.01672542,0.04124136,-0.37544760
-7.28713500,112.79602700,-0.93324601,-0.01480345,0.03871571,-0.35683866
-7.28713230,112.79602630,-0.93967334,-0.01470395,0.04071909,-0.33932251
-7.28712970,112.79602570,-0.94594478,-0.01359497,0.03999215,-0.32156536
-7.28712720,112.79602520,-0.95049465,-0.01308289,0.04039690,-0.30782601
-7.28712460,112.79602480,-0.95241169,-0.01159428,0.03651663,-0.30239724
-7.28712210,112.79602430,-0.95256542,-0.01263270,0.03991998,-0.30143978
-7.28711900,112.79602380,-0.95341085,-0.01246595,0.03977890,-0.29878085
-7.28711690,112.79602350,-0.95597817,-0.01139726,0.03746577,-0.29081292
-7.28711430,112.79602310,-0.95958017,-0.01038601,0.03572560,-0.27896543
-7.28711160,112.79602290,-0.96355670,-0.00976728,0.03552043,-0.26495546
-7.28710900,112.79602270,-0.96735920,-0.00968372,0.03740378,-0.25044631
-7.28710630,112.79602260,-0.97042017,-0.00846826,0.03441174,-0.23880707
-7.28710370,112.79602250,-0.97138192,-0.00865839,0.03584424,-0.23464313
-7.28710110,112.79602230,-0.97224750,-0.00882325,0.03716560,-0.23081524
-7.28709840,112.79602210,-0.97348426,-0.00837270,0.03610796,-0.22573105
-7.28709570,112.79602190,-0.97457307,-0.00809718,0.03569753,-0.22105985
-7.28709250,112.79602170,-0.97521669,-0.00781129,0.03488849,-0.21834421
-7.28709030,112.79602150,-0.97348212,-0.00801752,0.03453516,-0.22599913
-7.28708770,112.79602100,-0.96971835,-0.00892048,0.03583136,-0.24141843
-7.28708460,112.79602030,-0.96538970,-0.01009228,0.03778356,-0.25786291
-7.28708260,112.79601970,-0.96110296,-0.01034016,0.03632349,-0.27359603
-7.28708000,112.79601910,-0.95885124,-0.00899599,0.03057560,-0.28211435
-7.28707730,112.79601840,-0.95929534,-0.00977515,0.03346094,-0.28024499
-7.28707470,112.79601780,-0.96080107,-0.01083582,0.03793889,-0.27441672
-7.28707200,112.79601720,-0.96226796,-0.00998276,0.03563413,-0.26957546
-7.28706940,112.79601660,-0.96225121,-0.00900798,0.03208989,-0.27011423
-7.28706620,112.79601590,-0.96096338,-0.00919564,0.03217496,-0.27464449
-7.28706410,112.79601530,-0.95996842,-0.00956733,0.03303854,-0.27798840
-7.28706140,112.79601470,-0.95964084,-0.00970227,0.03336285,-0.27907390
-7.28705870,112.79601410,-0.96022170,-0.01003167,0.03478973,-0.27688144
-7.28705600,112.79601340,-0.96097370,-0.00969788,0.03396590,-0.27437533
-7.28705330,112.79601280,-0.96058316,-0.00960449,0.03345077,-0.27580570
-7.28705050,112.79601210,-0.95990619,-0.01098614,0.03800013,-0.27751647
-7.28704750,112.79601140,-0.96018862,-0.01343789,0.04690985,-0.27505763
-7.28704440,112.79601070,-0.96125762,-0.01544595,0.05506136,-0.26965433
-7.28704120,112.79601000,-0.96255671,-0.01444530,0.05235409,-0.26558420
-7.28703730,112.79600930,-0.96388210,-0.01295407,0.04771182,-0.26170033
-7.28703410,112.79600860,-0.96475441,-0.01343128,0.05023142,-0.25796383
-7.28703090,112.79600800,-0.96572353,-0.01413596,0.05384478,-0.25353299
-7.28702770,112.79600740,-0.96687997,-0.01391377,0.05401442,-0.24906219
-7.28702470,112.79600690,-0.96807369,-0.01351919,0.05352553,-0.24451090
-7.28702160,112.79600640,-0.96916874,-0.01356029,0.05479460,-0.23984501
-7.28701860,112.79600600,-0.97048428,-0.01353605,0.05610126,-0.23415742
-7.28701560,112.79600570,-0.97201573,-0.01323974,0.05653666,-0.22762630
-7.28701250,112.79600540,-0.97338781,-0.01296572,0.05695381,-0.22159497
-7.28700930,112.79600520,-0.97564966,-0.01305698,0.06054439,-0.21040825
-7.28700610,112.79600500,-0.97876386,-0.01237644,0.06213557,-0.19495463
-7.28700300,112.79600500,-0.98245988,-0.01075705,0.05996532,-0.17624141
-7.28699980,112.79600510,-0.98627075,-0.00891722,0.05681443,-0.15479861
-7.28699660,112.79600530,-0.98943387,-0.00762666,0.05663128,-0.13324921
-7.28699350,112.79600570,-0.99185310,-0.00672437,0.05924891,-0.11256901
-7.28699040,112.79600630,-0.99387169,-0.00556789,0.05951179,-0.09298605
-7.28698740,112.79600690,-0.99529358,-0.00455880,0.05931459,-0.07649630
-7.28698450,112.79600750,-0.99621065,-0.00377067,0.05830893,-0.06442205
-7.28698160,112.79600810,-0.99690644,-0.00305302,0.05985410,-0.05084999
-7.28697880,112.79600860,-0.99718002,-0.00279946,0.05613476,-0.04972980
-7.28697600,112.79600900,-0.99679372,-0.00318440,0.05312972,-0.05974424
-7.28697330,112.79600930,-0.99575818,-0.00411017,0.05637401,-0.07259974
-7.28697050,112.79600940,-0.99462499,-0.00505069,0.05927844,-0.08474485
-7.28696770,112.79600940,-0.99334825,-0.00567297,0.05614171,-0.10037518
-7.28696500,112.79600940,-0.99173133,-0.00634791,0.05420048,-0.11615071
-7.28696230,112.79600930,-0.98980488,-0.00724149,0.05456296,-0.13136492
-7.28695950,112.79600920,-0.98798236,-0.00782922,0.05340628,-0.14483553
-7.28695670,112.79600900,-0.98666066,-0.00766742,0.04876823,-0.15512449
-7.28695390,112.79600870,-0.98623749,-0.00787901,0.04930051,-0.15761658
-7.28695090,112.79600840,-0.98618545,-0.00792626,0.04951296,-0.15787305
-7.28694800,112.79600810,-0.98604249,-0.00798490,0.04960190,-0.15873282
-7.28694500,112.79600790,-0.98611918,-0.00769382,0.04776716,-0.15883345
-7.28694210,112.79600770,-0.98588933,-0.00799289,0.04932232,-0.15976752
-7.28693920,112.79600740,-0.98525844,-0.00834283,0.05034042,-0.16328516
-7.28693640,112.79600710,-0.98391889,-0.00809662,0.04622478,-0.17234075
-7.28693370,112.79600660,-0.98066520,-0.00801630,0.04112531,-0.19115494
-7.28693110,112.79600590,-0.97569428,-0.00960739,0.04369690,-0.21452030
-7.28692850,112.79600510,-0.96951364,-0.01281478,0.05195710,-0.23912244
-7.28692570,112.79600420,-0.96514262,-0.01505584,0.05698407,-0.25500168
-7.28692280,112.79600320,-0.96312869,-0.01601102,0.05884913,-0.26203732
-7.28691980,112.79600220,-0.96191516,-0.01663957,0.06014299,-0.26613000
-7.28691690,112.79600120,-0.96187050,-0.01541198,0.05544226,-0.26738317
-7.28691390,112.79600020,-0.96211121,-0.01455158,0.05240025,-0.26717876
-7.28691100,112.79599910,-0.96182337,-0.01553121,0.05585229,-0.26746049
-7.28690800,112.79599800,-0.96097367,-0.01677882,0.05981274,-0.26957468
-7.28690510,112.79599690,-0.96123946,-0.01575224,0.05619094,-0.26946827
-7.28690220,112.79599570,-0.96178293,-0.01496262,0.05368048,-0.26808230
-7.28689940,112.79599460,-0.96219580,-0.01555883,0.05627493,-0.26602686
-7.28689680,112.79599350,-0.96268423,-0.01595036,0.05820490,-0.26381214
-7.28689410,112.79599240,-0.96355752,-0.01593252,0.05894627,-0.26043886
-7.28689140,112.79599140,-0.96565508,-0.01573937,0.06025192,-0.25225433
-7.28688860,112.79599060,-0.96970918,-0.01425902,0.05840426,-0.23674825
-7.28688570,112.79598990,-0.97395012,-0.01280370,0.05690713,-0.21913193
-7.28688280,112.79598940,-0.97692817,-0.01264834,0.06043880,-0.20444685
-7.28688000,112.79598900,-0.98006871,-0.01149418,0.05954851,-0.18917502
-7.28687720,112.79598860,-0.98350275,-0.00973294,0.05570980,-0.17182559
-7.28687440,112.79598840,-0.98733730,-0.00777793,0.05121756,-0.14993771
-7.28687160,112.79598850,-0.99040977,-0.00701240,0.05485432,-0.12661088
-7.28686890,112.79598860,-0.99283015,-0.00624482,0.06012197,-0.10312444
-7.28686610,112.79598860,-0.99413685,-0.00568023,0.06618914,-0.08531499
-7.28686300,112.79598890,-0.99419782,-0.00579985,0.07486328,-0.07702302
-7.28685980,112.79598890,-0.99430901,-0.00568995,0.07593985,-0.07450069
-7.28685620,112.79598890,-0.99486526,-0.00512632,0.06939269,-0.07349478
-7.28685270,112.79598890,-0.99518853,-0.00478644,0.06557060,-0.07264552
-7.28684840,112.79598900,-0.99534490,-0.00464127,0.06538916,-0.07064879
-7.28684550,112.79598900,-0.99557253,-0.00442059,0.06451166,-0.06822047
-7.28684190,112.79598900,-0.99575865,-0.00423823,0.06372551,-0.06622550
-7.28683810,112.79598900,-0.99588598,-0.00410779,0.06574919,-0.06221959
-7.28683420,112.79598880,-0.99612155,-0.00384672,0.06601252,-0.05804655
-7.28683040,112.79598880,-0.99641696,-0.00353677,0.06436833,-0.05474893
-7.28682660,112.79598880,-0.99670467,-0.00320785,0.06354336,-0.05031648
-7.28682270,112.79598880,-0.99690141,-0.00294549,0.06363910,-0.04614082
-7.28681890,112.79598890,-0.99702751,-0.00272682,0.06438845,-0.04222364
-7.28681520,112.79598890,-0.99722686,-0.00246688,0.06349258,-0.03874536
-7.28681130,112.79598900,-0.99733961,-0.00225819,0.06370966,-0.03535072
-7.28680730,112.79598930,-0.99748748,-0.00199972,0.06345558,-0.03143444
-7.28680360,112.79598950,-0.99766958,-0.00171270,0.06248796,-0.02734466
-7.28680030,112.79598960,-0.99810661,-0.00141516,0.05610062,-0.02517759
-7.28679760,112.79598940,-0.99953211,-0.00046719,0.02221062,-0.02102448
-7.28679560,112.79598940,-0.99995862,0.00000567,-0.00062497,-0.00907559
-7.28679410,112.79598940,0.99989835,-0.00008209,-0.01271185,-0.00645715
-7.28679270,112.79598960,0.99965035,-0.00034914,-0.01818348,-0.01919427
-7.28679190,112.79598980,0.99965429,0.00020663,0.00827724,-0.02495476
-7.28679070,112.79599000,0.99866519,0.00125676,0.04222037,-0.02972692
-7.28678930,112.79599020,0.99721447,0.00213527,0.06756974,-0.03151295
-7.28678770,112.79599030,0.99760600,0.00201693,0.06064000,-0.03318115
-7.28678660,112.79599050,0.99892017,0.00107171,0.03076686,-0.03479578
-7.28678580,112.79599050,0.99925760,0.00040834,0.01105690,-0.03690307
-7.28678500,112.79599050,0.99925217,0.00004443,0.00114872,-0.03864939
-7.28678410,112.79599050,0.99919535,-0.00017405,-0.00436205,-0.03986982
-7.28678340,112.79599050,0.99918372,0.00027926,0.00701413,-0.03978203
-7.28678270,112.79599060,0.99868128,0.00130515,0.03359198,-0.03880187
-7.28678210,112.79599060,0.99827494,0.00170459,0.04457453,-0.03817537
-7.28678140,112.79599060,0.99876388,0.00119234,0.03014578,-0.03950342
-7.28678080,112.79599060,0.99901556,0.00063149,0.01513004,-0.04169649
-7.28678020,112.79599070,0.99892088,0.00070532,0.01618686,-0.04352649
-7.28677960,112.79599080,0.99877873,0.00095060,0.02130310,-0.04456825
-7.28677920,112.79599090,0.99887122,0.00065109,0.01436588,-0.04527113
-7.28677880,112.79599090,0.99894809,0.00027671,0.00608197,-0.04544932
-7.28677840,112.79599100,0.99881791,0.00073674,0.01603891,-0.04588013
-7.28677800,112.79599110,0.99834459,0.00155021,0.03275070,-0.04725537
-7.28677750,112.79599110,0.99828394,0.00157205,0.03202829,-0.04899888
-7.28677700,112.79599110,0.99848200,0.00107721,0.02115478,-0.05084299
-7.28677660,112.79599110,0.99853310,0.00077326,0.01482900,-0.05206877
-7.28677610,112.79599120,0.99847927,0.00068284,0.01271100,-0.05363877
-7.28677570,112.79599120,0.99836648,0.00082935,0.01502213,-0.05511821
-7.28677530,112.79599120,0.99822522,0.00114844,0.02050923,-0.05589684
-7.28677490,112.79599130,0.99812959,0.00122262,0.02130104,-0.05728962
-7.28677450,112.79599130,0.99801337,0.00128790,0.02174190,-0.05911812
-7.28677410,112.79599140,0.99781703,0.00160176,0.02641560,-0.06050471
-7.28677370,112.79599140,0.99776082,0.00152318,0.02441430,-0.06224931
-7.28677340,112.79599140,0.99782386,0.00084896,0.01311047,-0.06461382
-7.28677300,112.79599140,0.99772071,0.00064081,0.00957204,-0.06679327
