0,0,0,0
21.112375236843764,-1.1533774451534886,0,0
0,0,0,0
21.142375236843762,-1.1513936375212441,0,0
21.14237523684377,-1.1513936375212441,0,0
21.18237523684377,-1.1530360431291646,0,0
21.18237523684377,-1.1530360431291646,0,0
21.202375236843764,-1.1574834604857973,0,0
21.202375236843764,-1.1574834604857973,0,0
21.23237523684375,-1.152694641047751,0,0
21.23237523684376,-1.152694641047751,0,0
21.262375236843752,-1.1479058229793708,0,0
21.262375236843766,-1.1479058229793708,0,0
21.272375236843757,-1.1523532403359802,0,0
21.272375236843757,-1.1523532403359802,0,0
21.29237523684377,-1.1568006564371953,0,0
21.29237523684376,-1.1568006564371953,0,0
21.302375236843776,-1.1584430633576461,0,0
21.302375236843776,-1.1584430633576461,0,0
21.32237523684375,-1.1628904794017254,0,0
21.322375236843744,-1.1628904794017254,0,0
21.33237523684377,-1.1673378968154706,0,0
21.33237523684377,-1.1673378968154706,0,0
21.332375236843774,-1.1625490773774245,0,0
21.332375236843774,-1.1625490773774245,0,0
21.32237523684375,-1.1669964947911697,0,0
21.32237523684377,-1.1669964947911697,0,0
21.322375236843744,-1.1778751371937461,0,0
21.322375236843754,-1.1778751371937461,0,0
21.32237523684376,-1.173086317755723,0,0
21.322375236843754,-1.173086317755723,0,0
21.312375236843764,-1.168297499630207,0,0
21.312375236843764,-1.168297499630207,0,0
21.32237523684376,-1.172744915731399,0,0
21.32237523684376,-1.172744915731399,0,0
21.32237523684377,-1.1679560976059058,0,0
21.322375236843754,-1.1679560976059058,0,0
21.34237523684376,-1.1724035137071211,0,0
21.342375236843775,-1.1724035137071211,0,0
21.362375236843754,-1.1740459206275717,0,0
21.362375236843757,-1.1740459206275717,0,0
21.382375236843753,-1.178493336671651,0,0
21.38237523684376,-1.178493336671651,0,0
21.412375236843765,-1.1737045186032709,0,0
21.412375236843776,-1.1737045186032709,0,0
21.43237523684377,-1.1689156991652245,0,0
21.43237523684376,-1.1689156991652245,0,0
21.472375236843767,-1.17336311657897,0,0
21.472375236843767,-1.17336311657897,0,0
21.502375236843765,-1.1750055221868674,0,0
21.50237523684375,-1.1750055221868674,0,0
21.52237523684377,-1.1730217144975332,0,0
21.52237523684376,-1.1730217144975332,0,0
21.542375236843768,-1.1746641201054537,0,0
21.542375236843764,-1.1746641201054537,0,0
21.552375236843773,-1.179111537519199,0,0
21.552375236843755,-1.179111537519199,0,0
21.56237523684376,-1.1835589548758316,0,0
21.562375236843753,-1.1835589548758316,0,0
21.582375236843763,-1.178770135494898,0,0
21.582375236843774,-1.178770135494898,0,0
21.582375236843763,-1.1832175528515076,0,0
21.582375236843763,-1.1832175528515076,0,0
21.592375236843765,-1.1848599584594282,0,0
21.59237523684376,-1.1848599584594282,0,0
-46.68118406425835,5.94656733227528,0,0
-46.681184064258346,5.94656733227528,0,0
-46.68118406425835,5.881926407723423,0,0
-46.68118406425835,5.881926407723423,0,0
-46.68118406425835,5.819963819376399,0,0
-46.68118406425835,5.819963819376399,0,0
-46.69118406425837,5.758001231125151,0,0
-46.69118406425835,5.758001231125151,0,0
-46.79118406425836,5.682574790512867,0,0
-46.79118406425836,5.682574790512867,0,0
-47.021184064258364,5.6206122022616185,0,0
-47.02118406425836,5.6206122022616185,0,0
-47.37118406425838,5.558649613914575,0,0
-47.371184064258365,5.558649613914575,0,0
-47.84118406425836,5.48590150922227,0,0
-47.84118406425836,5.48590150922227,0,0
-48.42118406425836,5.423938920971042,0,0
-48.42118406425836,5.423938920971042,0,0
-49.08118406425836,5.364654668543998,0,0
-49.08118406425836,5.364654668543998,0,0
-49.82118406425836,5.302692080292749,0,0
-49.821184064258354,5.302692080292749,0,0
-50.61118406425836,5.229943975981074,0,0
-50.61118406425836,5.229943975981074,0,0
-51.44118406425837,5.17065972355403,0,0
-51.44118406425837,5.17065972355403,0,0
-52.29118406425835,5.11137547122278,0,0
-52.29118406425835,5.11137547122278,0,0
-53.16118406425836,5.049412882875757,0,0
-53.16118406425836,5.049412882875757,0,0
-54.03118406425836,4.9793431144840605,0,0
-54.03118406425836,4.9793431144840605,0,0
-54.901184064258345,4.920058862152811,0,0
-54.901184064258366,4.920058862152811,0,0
-55.74118406425836,4.860774609725767,0,0
-55.74118406425836,4.860774609725767,0,0
-56.60118406425837,4.804168693695146,0,0
-56.60118406425836,4.804168693695146,0,0
-57.461184064258376,4.744884441363897,0,0
-57.461184064258376,4.744884441363897,0,0
-58.33118406425836,4.674814672876406,0,0
-58.33118406425836,4.674814672876406,0,0
-59.201184064258356,4.618208756845766,0,0
-59.201184064258356,4.618208756845766,0,0
-60.071184064258354,4.558924504514517,0,0
-60.071184064258354,4.558924504514517,0,0
-60.971184064258345,4.50231858838808,0,0
-60.97118406425837,4.50231858838808,0,0
-61.71118406425836,4.443034336056852,0,0
-61.711184064258354,4.443034336056852,0,0
-62.48118406425836,4.386428419549786,0,0
-62.48118406425836,4.386428419549786,0,0
-63.22118406425837,4.3190369874586985,0,0
-63.22118406425837,4.3190369874586985,0,0
-63.91118406425837,4.273216587107894,0,0
-63.91118406425836,4.273216587107894,0,0
-64.56118406425838,4.203146819001034,0,0
-64.56118406425837,4.203146819001034,0,0
-65.16118406425836,4.146540902589763,0,0
-65.16118406425836,4.146540902589763,0,0
-65.71118406425838,4.079149470498697,0,0
-65.71118406425836,4.079149470498697,0,0
-66.22118406425835,4.022543553991651,0,0
-66.22118406425835,4.022543553991651,0,0
-66.69118406425838,3.965937637961011,0,0
-66.69118406425838,3.965937637961011,0,0
-67.12118406425837,3.8958678695693143,0,0
-67.12118406425837,3.8958678695693143,0,0
-67.49118406425836,3.8284764374782285,0,0
-67.49118406425836,3.8284764374782285,0,0
-67.82118406425836,3.7610850050065308,0,0
-67.82118406425836,3.7610850050065308,0,0
-68.11118406425837,3.6910152366148354,0,0
-68.11118406425837,3.6910152366148354,0,0
-68.34118406425836,3.6236238045237483,0,0
-68.34118406425834,3.6236238045237483,0,0
-68.52118406425836,3.5562323723368663,0,0
-68.52118406425836,3.5562323723368663,0,0
-68.64118406425838,3.4888409398651694,0,0
-68.64118406425835,3.4888409398651694,0,0
-68.67118406425834,3.4214495077741036,0,0
-68.67118406425837,3.4214495077741036,0,0
-68.63118406425835,3.340594223321962,0,0
-68.63118406425835,3.340594223321962,0,0
-68.48118406425836,3.283988307291321,0,0
-68.48118406425836,3.283988307291321,0,0
-68.25118406425837,3.2058113587591572,0,0
-68.25118406425835,3.2058113587591572,0,0
-67.93118406425837,3.135741590367482,0,0
-67.93118406425837,3.135741590367482,0,0
-67.55118406425838,3.0683501582763952,0,0
-67.55118406425835,3.0683501582763952,0,0
-67.12118406425837,2.9982803898846995,0,0
-67.12118406425837,2.9982803898846995,0,0
-66.65118406425836,2.930888957793613,0,0
-66.65118406425836,2.930888957793613,0,0
-66.16118406425838,2.8500336733414704,0,0
-66.16118406425836,2.8500336733414704,0,0
-65.64118406425835,2.7826422408697735,0,0
-65.64118406425835,2.7826422408697735,0,0
-65.09118406425836,2.7125724724780778,0,0
-65.09118406425837,2.7125724724780778,0,0
-64.55118406425836,2.6425027044669918,0,0
-64.55118406425836,2.6425027044669918,0,0
-63.981184064258365,2.585896787959946,0,0
-63.981184064258365,2.585896787959946,0,0
-63.401184064258366,2.515827019568271,0,0
-63.401184064258366,2.515827019568271,0,0
-62.811184064258356,2.4457572515571853,0,0
-62.811184064258356,2.4457572515571853,0,0
-62.21118406425837,2.375687483165489,0,0
-62.21118406425837,2.375687483165489,0,0
-61.60118406425836,2.3082960506937926,0,0
-61.60118406425836,2.3082960506937926,0,0
-60.97118406425837,2.2490117982667477,0,0
-60.97118406425837,2.2490117982667477,0,0
-60.32118406425836,2.1789420302556617,0,0
-60.32118406425836,2.1789420302556617,0,0
-59.661184064258386,2.119657777924412,0,0
-59.661184064258364,2.119657777924412,0,0
-58.981184064258365,2.0495880095327372,0,0
-58.981184064258365,2.0495880095327372,0,0
-58.271184064258364,1.9903037571056923,0,0
-58.271184064258364,1.9903037571056923,0,0
-57.55118406425836,1.9310195047744636,0,0
-57.55118406425836,1.9310195047744636,0,0
-56.81118406425837,1.8717352524431934,0,0
-56.81118406425836,1.8717352524431934,0,0
-56.05118406425836,1.80977266409617,0,0
-56.05118406425836,1.80977266409617,0,0
-55.271184064258364,1.7504884117649204,0,0
-55.27118406425837,1.7504884117649204,0,0
-54.481184064258365,1.6912041597184857,0,0
-54.481184064258365,1.6912041597184857,0,0
-53.67118406425834,1.6319199073872361,0,0
-53.671184064258355,1.6319199073872361,0,0
-52.841184064258364,1.5834211710206378,0,0
-52.84118406425837,1.5834211710206378,0,0
-52.031184064258376,1.5214585827694098,0,0
-52.03118406425837,1.5214585827694098,0,0
-51.181184064258346,1.4729598464028113,0,0
-51.18118406425837,1.4729598464028113,0,0
-50.31118406425837,1.413675594071562,0,0
-50.311184064258356,1.413675594071562,0,0
-49.43118406425835,1.362498521784985,0,0
-49.43118406425835,1.362498521784985,0,0
-48.54118406425835,1.3139997854183867,0,0
-48.54118406425835,1.3139997854183867,0,0
-47.63118406425836,1.262822713131789,0,0
-47.631184064258356,1.262822713131789,0,0
-46.71118406425837,1.214323976860986,0,0
-46.71118406425836,1.214323976860986,0,0
-45.79118406425835,1.1631469045744092,0,0
-45.79118406425836,1.1631469045744092,0,0
-44.861184064258374,1.1119698319072016,0,0
-44.86118406425835,1.1119698319072016,0,0
-43.86118406425835,1.0607927596206246,0,0
-43.86118406425835,1.0607927596206246,0,0
-42.99118406425837,1.0204012033944736,0,0
-42.99118406425836,1.0204012033944736,0,0
-42.051184064258365,0.9800096471683224,0,0
-42.05118406425838,0.9800096471683224,0,0
-41.11118406425837,0.9288325745969308,0,0
-41.11118406425837,0.9288325745969308,0,0
-40.18118406425835,0.8776555023103333,0,0
-40.18118406425835,0.8776555023103333,0,0
-39.251184064258354,0.8372639460842027,0,0
-39.25118406425836,0.8372639460842027,0,0
-38.331184064258345,0.7860868734169952,0,0
-38.33118406425836,0.7860868734169952,0,0
-37.42118406425836,0.7456953171908441,0,0
-37.42118406425838,0.7456953171908441,0,0
-36.52118406425836,0.7053037609646929,0,0
-36.52118406425837,0.7053037609646929,0,0
-35.62118406425836,0.651448352377507,0,0
-35.62118406425836,0.651448352377507,0,0
-34.72118406425837,0.5975929441709309,0,0
-34.72118406425835,0.5975929441709309,0,0
-33.84118406425836,0.5572013875641698,0,0
-33.841184064258364,0.5572013875641698,0,0
-32.97118406425836,0.5141314954180402,0,0
-32.971184064258345,0.5141314954180402,0,0
-32.101184064258376,0.4602760869266288,0,0
-32.101184064258376,0.4602760869266288,0,0
-31.251184064258368,0.41720619439986867,0,0
-31.251184064258368,0.41720619439986867,0,0
-30.411184064258364,0.36335078619331324,0,0
-30.411184064258354,0.36335078619331324,0,0
-29.561184064258367,0.320280893666553,0,0
-29.561184064258367,0.320280893666553,0,0
-28.731184064258397,0.2772110011397928,0,0
-28.731184064258382,0.2772110011397928,0,0
-27.891184064258358,0.23414110899366314,0,0
-27.891184064258344,0.23414110899366314,0,0
-27.07118406425837,0.1883928805469244,0,0
-27.071184064258386,0.1883928805469244,0,0
-26.24118406425836,0.1453229880201642,0,0
-26.241184064258345,0.1453229880201642,0,0
-25.411184064258357,0.10225309539762924,0,0
-25.411184064258347,0.10225309539762924,0,0
-24.59118406425835,0.05650486695086994,0,0
-24.591184064258357,0.05650486695086994,0,0
-23.781184064258348,0.013434974804740296,0,0
-23.781184064258348,0.013434974804740296,0,0
-22.981184064258372,-0.03231325402260844,0,0
-22.981184064258372,-0.03231325402260844,0,0
-22.191184064258366,-0.07538314616875866,0,0
-22.19118406425836,-0.07538314616875866,0,0
-21.401184064258366,-0.110345858555051,0,0
-21.40118406425838,-0.110345858555051,0,0
-20.611184064258364,-0.1534157510818112,0,0
-20.611184064258364,-0.1534157510818112,0,0
-19.84118406425835,-0.19916397952854994,0,0
-19.84118406425836,-0.19916397952854994,0,0
-19.08118406425836,-0.2449122079752887,0,0
-19.081184064258345,-0.2449122079752887,0,0
-18.321184064258368,-0.27987492045737633,0,0
-18.321184064258368,-0.27987492045737633,0,0
-17.55118406425834,-0.3256231489041151,0,0
-17.55118406425834,-0.3256231489041151,0,0
-16.801184064258347,-0.3579075253704495,0,0
-16.801184064258358,-0.3579075253704495,0,0
-16.051184064258354,-0.39554857405733035,0,0
-16.051184064258354,-0.39554857405733035,0,0
-15.321184064258377,-0.44129680250408965,0,0
-15.321184064258377,-0.44129680250408965,0,0
-14.591184064258357,-0.47625951498617736,0,0
-14.591184064258357,-0.47625951498617736,0,0
-13.851184064258353,-0.5246860793529151,0,0
-13.851184064258366,-0.5246860793529151,0,0
-13.111184064258362,-0.5596487917392281,0,0
-13.111184064258362,-0.5596487917392281,0,0
-12.371184064258355,-0.5946115042212952,0,0
-12.371184064258369,-0.5946115042212952,0,0
-11.641184064258363,-0.6295742169882181,0,0
-11.641184064258375,-0.6295742169882181,0,0
-10.901184064258372,-0.6672152652945096,0,0
-10.901184064258372,-0.6672152652945096,0,0
-10.161184064258354,-0.7021779777765972,0,0
-10.16118406425834,-0.7021779777765972,0,0
-9.411184064258363,-0.7371406901628895,0,0
-9.411184064258363,-0.7371406901628895,0,0
-8.671184064258357,-0.7721034025492025,0,0
-8.671184064258357,-0.7721034025492025,0,0
-7.931184064258377,-0.8097444513318992,0,0
-7.931184064258365,-0.8097444513318992,0,0
-7.181184064258373,-0.8447071637181918,0,0
-7.18118406425836,-0.8447071637181918,0,0
-6.421184064258357,-0.8688843601398328,0,0
-6.421184064258357,-0.8688843601398328,0,0
-5.681184064258376,-0.9038470725261458,0,0
-5.681184064258364,-0.9038470725261458,0,0
-4.931184064258373,-0.9280242689477871,0,0
-4.93118406425836,-0.9280242689477871,0,0
-4.211184064258367,-0.9656653176346885,0,0
-4.211184064258367,-0.9656653176346885,0,0
-3.5011840642583474,-0.9898425140563297,0,0
-3.5011840642583603,-0.9898425140563297,0,0
-2.791184064258379,-1.0248052264426428,0,0
-2.791184064258379,-1.0248052264426428,0,0
-2.091184064258359,-1.0516607587842626,0,0
-2.091184064258359,-1.0516607587842626,0,0
-1.381184064258365,-1.0758379552059243,0,0
-1.381184064258365,-1.0758379552059243,0,0
-0.6811840642583703,-1.113479003892826,0,0
-0.6811840642583703,-1.113479003892826,0,0
0.018815935741637042,-1.1376562003144877,0,0
0.018815935741649765,-1.1376562003144877,0,0
0.7188159357416444,-1.1618333966403336,0,0
0.7188159357416444,-1.1618333966403336,0,0
1.418815935741639,-1.188688929362584,0,0
1.4188159357416517,-1.188688929362584,0,0
2.1188159357416465,-1.2020806097237788,0,0
2.1188159357416465,-1.2020806097237788,0,0
2.78881593574163,-1.2289361420654192,0,0
2.7888159357416424,-1.2289361420654192,0,0
3.4388159357416406,-1.2531133384870605,0,0
3.4388159357416406,-1.2531133384870605,0,0
4.108815935741637,-1.2799688711135158,0,0
4.108815935741649,-1.2799688711135158,0,0
4.778815935741647,-1.2933605514747106,0,0
4.778815935741647,-1.2933605514747106,0,0
5.4288159357416435,-1.320216083816351,0,0
5.428815935741631,-1.320216083816351,0,0
6.06881593574163,-1.3362861004781754,0,0
6.06881593574163,-1.3362861004781754,0,0
6.698815935741641,-1.3604632968998167,0,0
6.698815935741654,-1.3604632968998167,0,0
7.328815935741627,-1.3765333131810313,0,0
7.328815935741653,-1.3765333131810313,0,0
7.958815935741638,-1.3899249939228362,0,0
7.958815935741638,-1.3899249939228362,0,0
8.57881593574164,-1.4059950102040302,0,0
8.57881593574164,-1.4059950102040302,0,0
9.208815935741638,-1.430172206529876,0,0
9.208815935741626,-1.430172206529876,0,0
9.848815935741625,-1.4462422231916803,0,0
9.848815935741625,-1.4462422231916803,0,0
10.468815935741635,-1.4596339035528751,0,0
10.468815935741635,-1.4596339035528751,0,0
11.088815935741648,-1.4649184038694385,0,0
11.088815935741648,-1.4649184038694385,0,0
11.708815935741635,-1.4783100842306334,0,0
11.708815935741635,-1.4783100842306334,0,0
12.308815935741675,-1.4943801008924376,0,0
12.308815935741647,-1.4943801008924376,0,0
12.908815935741638,-1.5104501171736315,0,0
12.908815935741638,-1.5104501171736315,0,0
13.498815935741677,-1.5238417975348264,0,0
13.498815935741677,-1.5238417975348264,0,0
14.078815935741641,-1.539911814196651,0,0
14.078815935741641,-1.539911814196651,0,0
14.64881593574163,-1.5533034945578459,0,0
14.648815935741656,-1.5533034945578459,0,0
15.188815935741648,-1.5585879951591828,0,0
15.188815935741648,-1.5585879951591828,0,0
15.70881593574164,-1.5746580114403768,0,0
15.70881593574164,-1.5746580114403768,0,0
16.218815935741635,-1.5799425120417345,0,0
16.218815935741635,-1.5799425120417345,0,0
16.718815935741627,-1.596012528322949,0,0
16.718815935741656,-1.596012528322949,0,0
17.208815935741622,-1.5986186927194928,0,0
17.208815935741622,-1.5986186927194928,0,0
17.688815935741644,-1.6146887093812972,0,0
17.688815935741644,-1.6146887093812972,0,0
18.158815935741643,-1.6199732096020445,0,0
18.158815935741643,-1.6199732096020445,0,0
18.62881593574164,-1.625257710203402,0,0
18.628815935741663,-1.625257710203402,0,0
19.088815935741636,-1.6305422104241498,0,0
19.08881593574166,-1.6305422104241498,0,0
19.53881593574163,-1.6466122270859536,0,0
19.53881593574163,-1.6466122270859536,0,0
19.978815935741654,-1.6518967274024967,0,0
19.978815935741654,-1.6518967274024967,0,0
20.39881593574163,-1.6571812280038543,0,0
20.39881593574163,-1.6571812280038543,0,0
20.82881593574163,-1.662465728224602,0,0
20.82881593574163,-1.662465728224602,0,0
21.25881593574165,-1.6677502289217752,0,0
21.25881593574165,-1.6677502289217752,0,0
21.67881593574163,-1.6622492130820556,0,0
21.67881593574163,-1.6622492130820556,0,0
22.088815935741653,-1.6675337137792088,0,0
22.088815935741653,-1.6675337137792088,0,0
22.488815935741627,-1.6728182139999563,0,0
22.488815935741627,-1.6728182139999563,0,0
22.88881593574165,-1.6781027146013348,0,0
22.88881593574165,-1.6781027146013348,0,0
23.288815935741628,-1.6833872149178777,0,0
23.288815935741628,-1.6833872149178777,0,0
23.67881593574163,-1.6805645353787881,0,0
23.67881593574163,-1.6805645353787881,0,0
24.098815935741627,-1.68852737199594,0,0
24.098815935741627,-1.68852737199594,0,0
24.418815935741634,-1.680348020236242,0,0
24.418815935741634,-1.680348020236242,0,0
24.76881593574164,-1.6883108568533942,0,0
24.76881593574164,-1.6883108568533942,0,0
25.108815935741642,-1.6828098413943053,0,0
25.108815935741642,-1.6828098413943053,0,0
25.448815935741646,-1.688094341615053,0,0
25.448815935741646,-1.688094341615053,0,0
25.768815935741628,-1.6960571782321843,0,0
25.768815935741628,-1.6960571782321843,0,0
26.06881593574166,-1.690556162773116,0,0
26.06881593574166,-1.690556162773116,0,0
26.36881593574164,-1.695840663089659,0,0
26.36881593574164,-1.695840663089659,0,0
26.658815935741647,-1.69033964763057,0,0
26.658815935741647,-1.69033964763057,0,0
26.928815935741632,-1.698302484247702,0,0
26.928815935741632,-1.698302484247702,0,0
27.188815935741662,-1.6928014684080235,0,0
27.188815935741662,-1.6928014684080235,0,0
27.428815935741625,-1.68730045304473,0,0
27.428815935741625,-1.68730045304473,0,0
27.648815935741638,-1.6925849532654982,0,0
27.648815935741638,-1.6925849532654982,0,0
27.86881593574162,-1.6870839379021842,0,0
27.86881593574162,-1.6870839379021842,0,0
28.068815935741686,-1.6815829221582805,0,0
28.068815935741686,-1.6815829221582805,0,0
28.238815935741627,-1.686867422759659,0,0
28.238815935741627,-1.686867422759659,0,0
28.40881593574164,-1.6813664069199397,0,0
28.40881593574164,-1.6813664069199397,0,0
28.56881593574163,-1.678543727476645,0,0
28.568815935741657,-1.678543727476645,0,0
28.71881593574162,-1.6838282276973928,0,0
28.71881593574162,-1.6838282276973928,0,0
28.878815935741663,-1.67832721233412,0,0
28.878815935741684,-1.67832721233412,0,0
28.99881593574163,-1.6728261969708058,0,0
28.99881593574163,-1.6728261969708058,0,0
29.128815935741645,-1.6781106971915534,0,0
29.128815935741645,-1.6781106971915534,0,0
29.23881593574164,-1.6726096818282805,0,0
29.238815935741613,-1.6726096818282805,0,0
29.35881593574163,-1.6671086659885614,0,0
29.35881593574163,-1.6671086659885614,0,0
29.468815935741624,-1.6616076506252884,0,0
29.468815935741624,-1.6616076506252884,0,0
29.548815935741647,-1.6695704867660148,0,0
29.548815935741647,-1.6695704867660148,0,0
29.628815935741642,-1.6640694714027415,0,0
29.628815935741642,-1.6640694714027415,0,0
29.688815935741662,-1.6585684555630222,0,0
29.688815935741662,-1.6585684555630222,0,0
29.728815935741633,-1.663852956260175,0,0
29.728815935741633,-1.663852956260175,0,0
29.76881593574163,-1.6583519404204765,0,0
29.76881593574163,-1.6583519404204765,0,0
29.79881593574163,-1.6555292609772025,0,0
29.79881593574163,-1.6555292609772025,0,0
29.818815935741654,-1.6500282456139093,0,0
29.818815935741654,-1.6500282456139093,0,0
29.828815935741627,-1.655312745834636,0,0
29.828815935741627,-1.655312745834636,0,0
29.818815935741654,-1.6524900663913624,0,0
29.818815935741654,-1.6524900663913624,0,0
29.808815935741602,-1.6469890509322531,0,0
29.808815935741627,-1.6469890509322531,0,0
29.808815935741627,-1.6414880351883496,0,0
29.808815935741627,-1.6414880351883496,0,0
29.79881593574163,-1.646772535789728,0,0
29.79881593574163,-1.646772535789728,0,0
29.788815935741656,-1.6412715200458243,0,0
29.788815935741656,-1.6412715200458243,0,0
29.778815935741633,-1.6357705045867355,0,0
29.778815935741633,-1.6357705045867355,0,0
29.778815935741633,-1.6302694888428113,0,0
29.778815935741633,-1.6302694888428113,0,0
29.778815935741633,-1.6355539894441897,0,0
29.778815935741633,-1.6355539894441897,0,0
29.78881593574163,-1.6300529737002656,0,0
29.788815935741656,-1.6300529737002656,0,0
29.788815935741656,-1.6245519583369927,0,0
29.788815935741656,-1.6245519583369927,0,0
29.76881593574163,-1.6190509424972936,0,0
29.76881593574163,-1.6190509424972936,0,0
29.74881593574163,-1.6270137791144461,0,0
29.74881593574163,-1.6270137791144461,0,0
29.718815935741635,-1.6188344273547481,0,0
29.718815935741635,-1.6188344273547481,0,0
29.69881593574164,-1.6133334119914546,0,0
29.69881593574164,-1.6133334119914546,0,0
29.688815935741662,-1.61051073254816,0,0
29.688815935741662,-1.61051073254816,0,0
29.668815935741634,-1.6157952327689078,0,0
29.668815935741634,-1.6157952327689078,0,0
29.648815935741638,-1.6102942173098398,0,0
29.648815935741638,-1.6102942173098398,0,0
29.608815935741642,-1.6047932015659157,0,0
29.608815935741642,-1.6047932015659157,0,0
29.578815935741616,-1.610077702167294,0,0
29.578815935741645,-1.610077702167294,0,0
29.548815935741647,-1.60457668642337,0,0
29.548815935741647,-1.60457668642337,0,0
29.518815935741646,-1.6098611870247477,0,0
29.518815935741646,-1.6098611870247477,0,0
29.48881593574162,-1.6043601712808446,0,0
29.48881593574162,-1.6043601712808446,0,0
29.468815935741624,-1.6096446718822022,0,0
29.468815935741624,-1.6096446718822022,0,0
29.42881593574163,-1.604143656138278,0,0
29.42881593574165,-1.604143656138278,0,0
29.38881593574163,-1.6094281567396564,0,0
29.38881593574163,-1.6094281567396564,0,0
29.358815935741607,-1.603927140995753,0,0
29.35881593574163,-1.603927140995753,0,0
29.308815935741634,-1.6092116415971105,0,0
29.308815935741634,-1.6092116415971105,0,0
29.248815935741636,-1.603710625853207,0,0
29.17881593574167,-1.6089951264545648,0,0
29.17881593574167,-1.6089951264545648,0,0
29.178815935741643,-1.6089951264545648,0,0
29.10881593574162,-1.603494110710661,0,0
29.10881593574162,-1.603494110710661,0,0
29.028815935741626,-1.5979930952515724,0,0
29.028815935741626,-1.5979930952515724,0,0
28.95881593574163,-1.6032775955681153,0,0
28.95881593574163,-1.6032775955681153,0,0
28.868815935741637,-1.6085620961694729,0,0
28.868815935741637,-1.6085620961694729,0,0
28.788815935741642,-1.6030610804255694,0,0
28.788815935741642,-1.6030610804255694,0,0
28.708815935741644,-1.6083455810269478,0,0
28.708815935741644,-1.6083455810269478,0,0
28.63881593574165,-1.6136300812476747,0,0
28.63881593574165,-1.6136300812476747,0,0
28.608815935741653,-1.6081290658844014,0,0
28.608815935741653,-1.6081290658844014,0,0
28.568815935741657,-1.6107352301851503,0,0
28.568815935741657,-1.6107352301851503,0,0
28.548815935741633,-1.626805246846954,0,0
28.548815935741633,-1.626805246846954,0,0
28.558815935741627,-1.6294114112434983,0,0
28.558815935741627,-1.6294114112434983,0,0
28.608815935741628,-1.6320175755442672,0,0
28.608815935741653,-1.6320175755442672,0,0
28.668815935741648,-1.6454092559054623,0,0
28.668815935741648,-1.6454092559054623,0,0
28.73881593574165,-1.64801542020619,0,0
28.73881593574165,-1.64801542020619,0,0
28.828815935741638,-1.6614071005674051,0,0
28.828815935741638,-1.6614071005674051,0,0
28.918815935741634,-1.6721204450086014,0,0
28.918815935741634,-1.6721204450086014,0,0
29.018815935741625,-1.6855121253697962,0,0
29.018815935741625,-1.6855121253697962,0,0
29.118815935741623,-1.6962254694304026,0,0
29.118815935741623,-1.6962254694304026,0,0
29.198815935741642,-1.693474961986969,0,0
29.198815935741642,-1.693474961986969,0,0
29.278815935741637,-1.7041883060475544,0,0
29.278815935741637,-1.7041883060475544,0,0
29.35881593574163,-1.7230088305334026,0,0
29.35881593574163,-1.7230088305334026,0,0
29.448815935741653,-1.7337221745939881,0,0
29.448815935741653,-1.7337221745939881,0,0
29.52881593574162,-1.7417571831152263,0,0
29.52881593574162,-1.7417571831152263,0,0
29.58881593574164,-1.739006675291162,0,0
29.588815935741668,-1.739006675291162,0,0
29.678815935741664,-1.7470416834317484,0,0
29.678815935741635,-1.7470416834317484,0,0
29.778815935741633,-1.7550766915723557,0,0
29.778815935741633,-1.7550766915723557,0,0
29.898815935741624,-1.7631117000935526,0,0
29.898815935741624,-1.7631117000935526,0,0
29.998815935741614,-1.7603611921737135,0,0
29.998815935741614,-1.7603611921737135,0,0
30.098815935741662,-1.7576106842538741,0,0
30.098815935741662,-1.7576106842538741,0,0
30.198815935741656,-1.7656456923944606,0,0
30.198815935741656,-1.7656456923944606,0,0
30.29881593574165,-1.7628951848552112,0,0
30.29881593574165,-1.7628951848552112,0,0
30.408815935741643,-1.760144677031167,0,0
30.408815935741643,-1.760144677031167,0,0
30.478815935741636,-1.7573941691113284,0,0
30.478815935741636,-1.7573941691113284,0,0
30.568815935741657,-1.754643661191448,0,0
30.568815935741657,-1.754643661191448,0,0
30.71881593574162,-1.751893153748035,0,0
30.71881593574162,-1.751893153748035,0,0
30.87881593574164,-1.7599281618886422,0,0
30.87881593574164,-1.7599281618886422,0,0
31.038815935741656,-1.767963170029229,0,0
31.038815935741656,-1.767963170029229,0,0
31.158815935741647,-1.76521266210939,0,0
31.158815935741647,-1.76521266210939,0,0
31.26881593574164,-1.7624621545701196,0,0
31.26881593574164,-1.7624621545701196,0,0
31.37881593574168,-1.7597116467460758,0,0
31.37881593574166,-1.7597116467460758,0,0
31.468815935741627,-1.756961138826216,0,0
31.468815935741627,-1.756961138826216,0,0
31.568815935741647,-1.7649961469668234,0,0
31.568815935741647,-1.7649961469668234,0,0
31.64881593574164,-1.759567303126985,0,0
31.64881593574164,-1.759567303126985,0,0
31.69881593574164,-1.740674607402497,0,0
31.69881593574164,-1.740674607402497,0,0
31.748815935741636,-1.7460312792424744,0,0
31.748815935741636,-1.7460312792424744,0,0
31.80881593574163,-1.7432807717032452,0,0
31.80881593574163,-1.7432807717032452,0,0
31.878815935741653,-1.7378519279592024,0,0
31.878815935741653,-1.7378519279592024,0,0
31.948815935741646,-1.7432085997991797,0,0
31.948815935741646,-1.7432085997991797,0,0
32.008815935741644,-1.7351014200393426,0,0
32.008815935741644,-1.7351014200393426,0,0
32.07881593574164,-1.7296725761995044,0,0
32.07881593574164,-1.7296725761995044,0,0
32.14881593574164,-1.724243732074831,0,0
32.14881593574166,-1.724243732074831,0,0
32.22881593574166,-1.729600404295439,0,0
32.22881593574166,-1.729600404295439,0,0
32.28881593574165,-1.724171560455601,0,0
32.28881593574165,-1.724171560455601,0,0
32.34881593574165,-1.7160643806957636,0,0
32.34881593574165,-1.7160643806957636,0,0
32.40881593574164,-1.7079572005553163,0,0
32.40881593574164,-1.7079572005553163,0,0
32.46881593574162,-1.702528356811253,0,0
32.46881593574162,-1.702528356811253,0,0
32.52881593574163,-1.6970995129714148,0,0
32.52881593574163,-1.6970995129714148,0,0
32.598815935741655,-1.6916706691315766,0,0
32.598815935741655,-1.6916706691315766,0,0
32.67881593574163,-1.694349005051555,0,0
32.67881593574163,-1.694349005051555,0,0
32.748815935741646,-1.6970273409715748,0,0
32.748815935741625,-1.6970273409715748,0,0
32.81881593574165,-1.691598497227511,0,0
32.81881593574165,-1.691598497227511,0,0
32.88881593574164,-1.6969551694481197,0,0
32.88881593574164,-1.6969551694481197,0,0
32.93881593574166,-1.6888479893076513,0,0
32.93881593574166,-1.6888479893076513,0,0
32.978815935741636,-1.6807408095478347,0,0
32.978815935741636,-1.6807408095478347,0,0
33.00881593574163,-1.6726336295031623,0,0
33.00881593574163,-1.6726336295031623,0,0
33.04881593574163,-1.6779903017237703,0,0
33.04881593574163,-1.6779903017237703,0,0
33.098815935741655,-1.6698831219639334,0,0
33.098815935741655,-1.6698831219639334,0,0
33.15881593574165,-1.661775941823486,0,0
33.15881593574165,-1.661775941823486,0,0
33.218815935741624,-1.6536687617788135,0,0
33.218815935741624,-1.6536687617788135,0,0
33.288815935741646,-1.6590254339994217,0,0
33.288815935741646,-1.6590254339994217,0,0
33.36881593574164,-1.6509182542395844,0,0
33.36881593574164,-1.6509182542395844,0,0
33.458815935741626,-1.642811074099137,0,0
33.458815935741626,-1.642811074099137,0,0
33.54881593574165,-1.6481677463197246,0,0
33.54881593574165,-1.6481677463197246,0,0
33.63881593574164,-1.6292750502146263,0,0
33.63881593574164,-1.6292750502146263,0,0
33.73881593574166,-1.6346317224352345,0,0
33.73881593574164,-1.6346317224352345,0,0
33.848815935741655,-1.6265245426753971,0,0
33.848815935741655,-1.6265245426753971,0,0
33.94881593574165,-1.6210956985507239,0,0
33.94881593574165,-1.6210956985507239,0,0
34.048815935741644,-1.6156668547108857,0,0
34.048815935741644,-1.6156668547108857,0,0
34.13881593574164,-1.6075596749510486,0,0
34.13881593574166,-1.6075596749510486,0,0
34.238815935741634,-1.599452494810601,0,0
34.238815935741634,-1.599452494810601,0,0
34.318815935741654,-1.6048091670311888,0,0
34.318815935741654,-1.6048091670311888,0,0
34.38881593574165,-1.5993803232871457,0,0
34.38881593574165,-1.5993803232871457,0,0
34.45881593574165,-1.5912731431466984,0,0
34.45881593574165,-1.5912731431466984,0,0
34.508815935741644,-1.5939514794473075,0,0
34.508815935741644,-1.5939514794473075,0,0
34.55881593574164,-1.5858442993068396,0,0
34.55881593574164,-1.5858442993068396,0,0
34.60881593574163,-1.5885226352268593,0,0
34.60881593574163,-1.5885226352268593,0,0
34.64881593574164,-1.5830937914827958,0,0
34.64881593574166,-1.5830937914827958,0,0
34.67881593574163,-1.5749866117229585,0,0
34.67881593574163,-1.5749866117229585,0,0
34.708815935741626,-1.5776649476429576,0,0
34.708815935741626,-1.5776649476429576,0,0
34.73881593574163,-1.5695577675025103,0,0
34.73881593574163,-1.5695577675025103,0,0
34.75881593574165,-1.5614505878384684,0,0
34.75881593574165,-1.5614505878384684,0,0
34.79881593574162,-1.564128923758447,0,0
34.79881593574165,-1.564128923758447,0,0
34.83881593574162,-1.5587000799186088,0,0
34.83881593574162,-1.5587000799186088,0,0
34.87881593574162,-1.5479145638581624,0,0
34.87881593574164,-1.5479145638581624,0,0
34.92881593574164,-1.5505929001587715,0,0
34.92881593574164,-1.5505929001587715,0,0
34.98881593574164,-1.545164056034098,0,0
34.98881593574164,-1.545164056034098,0,0
35.058815935741634,-1.547842392334707,0,0
35.058815935741634,-1.547842392334707,0,0
35.138815935741654,-1.5505207282547269,0,0
35.138815935741654,-1.5505207282547269,0,0
35.22881593574165,-1.542413548494869,0,0
35.22881593574165,-1.542413548494869,0,0
35.30881593574162,-1.545091884414868,0,0
35.30881593574162,-1.545091884414868,0,0
35.39881593574164,-1.5369847042744207,0,0
35.39881593574164,-1.5369847042744207,0,0
35.488815935741634,-1.542341376495029,0,0
35.488815935741634,-1.542341376495029,0,0
35.57881593574165,-1.534234196830987,0,0
35.57881593574165,-1.534234196830987,0,0
35.66881593574165,-1.534234196830987,0,0
35.66881593574165,-1.534234196830987,0,0
35.768815935741635,-1.526127016690519,0,0
35.768815935741635,-1.526127016690519,0,0
35.85881593574163,-1.528805352991128,0,0
35.85881593574163,-1.528805352991128,0,0
35.95881593574163,-1.5206981728506808,0,0
35.95881593574163,-1.5206981728506808,0,0
36.05881593574162,-1.5233765087706799,0,0
36.05881593574162,-1.5233765087706799,0,0
36.16881593574164,-1.5152693291066175,0,0
36.16881593574164,-1.5152693291066175,0,0
36.27881593574163,-1.5179476650266166,0,0
36.27881593574163,-1.5179476650266166,0,0
36.388815935741654,-1.5098404852667793,0,0
36.388815935741654,-1.5098404852667793,0,0
36.508815935741644,-1.5125188211867784,0,0
36.508815935741644,-1.5125188211867784,0,0
36.62881593574166,-1.504411641046331,0,0
36.62881593574166,-1.504411641046331,0,0
36.73881593574163,-1.496304461286473,0,0
36.73881593574163,-1.496304461286473,0,0
36.858815935741646,-1.4989827972064722,0,0
36.858815935741646,-1.4989827972064722,0,0
36.96881593574162,-1.4935539534624294,0,0
36.96881593574162,-1.4935539534624294,0,0
37.06881593574166,-1.485446773702592,0,0
37.06881593574166,-1.485446773702592,0,0
37.168815935741655,-1.4881251096225911,0,0
37.168815935741655,-1.4881251096225911,0,0
37.248815935741625,-1.4800179294821438,0,0
37.248815935741625,-1.4800179294821438,0,0
37.328815935741645,-1.482696265782753,0,0
37.328815935741645,-1.482696265782753,0,0
37.38881593574164,-1.4719107498181019,0,0
37.38881593574164,-1.4719107498181019,0,0
37.448815935741635,-1.4638035696776341,0,0
37.448815935741635,-1.4638035696776341,0,0
37.50881593574163,-1.4664819059782432,0,0
37.50881593574163,-1.4664819059782432,0,0
37.55881593574163,-1.4691602418982421,0,0
37.55881593574163,-1.4691602418982421,0,0
37.598815935741655,-1.461053062138405,0,0
37.598815935741655,-1.461053062138405,0,0
37.638815935741654,-1.4637313980584041,0,0
37.638815935741654,-1.4637313980584041,0,0
37.688815935741644,-1.4556242180137315,0,0
37.688815935741644,-1.4556242180137315,0,0
37.72881593574165,-1.4556242180137315,0,0
37.72881593574165,-1.4556242180137315,0,0
37.76881593574164,-1.4583025543143406,0,0
37.76881593574164,-1.4583025543143406,0,0
37.81881593574164,-1.4501953741738933,0,0
37.81881593574164,-1.4501953741738933,0,0
37.878815935741635,-1.4528737104745024,0,0
37.878815935741656,-1.4528737104745024,0,0
37.948815935741635,-1.444766530334055,0,0
37.948815935741635,-1.444766530334055,0,0
38.028815935741626,-1.4474448662540336,0,0
38.028815935741626,-1.4474448662540336,0,0
38.108815935741646,-1.4474448662540336,0,0
38.108815935741646,-1.4474448662540336,0,0
38.19881593574164,-1.4393376865899916,0,0
38.19881593574164,-1.4393376865899916,0,0
38.29881593574164,-1.4420160225100114,0,0
38.29881593574164,-1.4420160225100114,0,0
38.39881593574163,-1.4339088427501534,0,0
38.39881593574163,-1.4339088427501534,0,0
38.498815935741646,-1.4365871786701525,0,0
38.498815935741625,-1.4365871786701525,0,0
38.608815935741646,-1.4392655149707616,0,0
38.608815935741646,-1.4392655149707616,0,0
38.70881593574163,-1.4311583348303143,0,0
38.70881593574163,-1.4311583348303143,0,0
38.80881593574163,-1.4338366707503134,0,0
38.80881593574163,-1.4338366707503134,0,0
38.90881593574165,-1.4257294910862714,0,0
38.90881593574165,-1.4257294910862714,0,0
39.00881593574164,-1.42840782700625,0,0
39.00881593574164,-1.42840782700625,0,0
39.10881593574164,-1.431086163306859,0,0
39.10881593574164,-1.431086163306859,0,0
39.198815935741656,-1.4229789831664117,0,0
39.198815935741656,-1.4229789831664117,0,0
39.28881593574165,-1.4256573190864108,0,0
39.28881593574165,-1.4256573190864108,0,0
39.37881593574165,-1.4148718030259646,0,0
39.37881593574165,-1.4148718030259646,0,0
39.45881593574164,-1.4175501393265737,0,0
39.45881593574164,-1.4175501393265737,0,0
39.53881593574166,-1.4202284752465522,0,0
39.53881593574166,-1.4202284752465522,0,0
39.60881593574163,-1.4229068115471613,0,0
39.60881593574163,-1.4229068115471613,0,0
39.678815935741625,-1.4147996315025093,0,0
39.678815935741625,-1.4147996315025093,0,0
39.748815935741625,-1.4174779678031184,0,0
39.80881593574162,-1.4201563037231175,0,0
39.80881593574162,-1.4201563037231175,0,0
39.80881593574162,-1.4201563037231175,0,0
39.85881593574164,-1.422834639643096,0,0
39.85881593574164,-1.422834639643096,0,0
39.918815935741634,-1.4120491235826702,0,0
39.918815935741634,-1.4120491235826702,0,0
39.97881593574163,-1.4147274598832793,0,0
39.97881593574163,-1.4147274598832793,0,0
40.04881593574163,-1.4174057958032578,0,0
40.04881593574163,-1.4174057958032578,0,0
40.10881593574165,-1.4200841321038669,0,0
40.10881593574165,-1.4200841321038669,0,0
40.16881593574165,-1.422762468023866,0,0
40.16881593574165,-1.422762468023866,0,0
40.22881593574164,-1.4146552878834187,0,0
40.22881593574164,-1.4146552878834187,0,0
40.29881593574164,-1.4173336241840278,0,0
40.298815935741665,-1.4173336241840278,0,0
40.36881593574163,-1.4173336241840278,0,0
40.36881593574163,-1.4173336241840278,0,0
40.43881593574165,-1.4200119601040269,0,0
40.43881593574165,-1.4200119601040269,0,0
40.498815935741625,-1.422690296404636,0,0
40.498815935741625,-1.422690296404636,0,0
40.56881593574165,-1.4145831162641886,0,0
40.56881593574165,-1.4145831162641886,0,0
40.648815935741645,-1.4145831162641886,0,0
40.648815935741645,-1.4145831162641886,0,0
40.71881593574164,-1.4172614525647977,0,0
40.71881593574164,-1.4172614525647977,0,0
40.78881593574166,-1.4199397884847762,0,0
40.78881593574166,-1.4199397884847762,0,0
40.86881593574163,-1.4226181244047753,0,0
40.86881593574163,-1.4226181244047753,0,0
40.958815935741626,-1.4145109447407334,0,0
40.958815935741626,-1.4145109447407334,0,0
41.048815935741644,-1.4145109447407334,0,0
41.048815935741644,-1.4145109447407334,0,0
41.13881593574163,-1.4171892806607325,0,0
41.13881593574163,-1.4171892806607325,0,0
41.238815935741634,-1.4198676169613416,0,0
41.238815935741634,-1.4198676169613416,0,0
41.32881593574165,-1.4117604368208942,0,0
41.32881593574165,-1.4117604368208942,0,0
41.438815935741644,-1.4144387727408727,0,0
41.438815935741644,-1.4144387727408727,0,0
41.53881593574164,-1.4144387727408727,0,0
41.53881593574164,-1.4144387727408727,0,0
41.63881593574163,-1.4063315929810356,0,0
41.63881593574163,-1.4063315929810356,0,0
41.72881593574165,-1.4090099289010345,0,0
41.72881593574165,-1.4090099289010345,0,0
41.81881593574164,-1.4090099289010345,0,0
41.81881593574164,-1.4090099289010345,0,0
41.91881593574164,-1.4009027492369925,0,0
41.91881593574164,-1.4009027492369925,0,0
42.00881593574166,-1.4035810851569712,0,0
42.00881593574166,-1.4035810851569712,0,0
42.098815935741655,-1.4035810851569712,0,0
42.098815935741655,-1.4035810851569712,0,0
42.16881593574165,-1.4062594214575803,0,0
42.16881593574165,-1.4062594214575803,0,0
42.23881593574165,-1.398152241317133,0,0
42.23881593574165,-1.398152241317133,0,0
42.31881593574164,-1.398152241317133,0,0
42.31881593574167,-1.398152241317133,0,0
42.38881593574161,-1.4008305772371115,0,0
42.38881593574163,-1.4008305772371115,0,0
42.45881593574163,-1.4008305772371115,0,0
42.45881593574163,-1.4008305772371115,0,0
42.528815935741626,-1.4035089135377206,0,0
42.528815935741626,-1.4035089135377206,0,0
42.59881593574165,-1.4035089135377206,0,0
42.59881593574165,-1.4035089135377206,0,0
42.66881593574165,-1.3954017333972732,0,0
42.66881593574165,-1.3954017333972732,0,0
42.738815935741634,-1.3954017333972732,0,0
42.738815935741634,-1.3954017333972732,0,0
42.79881593574164,-1.3980800696978823,0,0
42.79881593574164,-1.3980800696978823,0,0
42.86881593574163,-1.3980800696978823,0,0
42.86881593574163,-1.3980800696978823,0,0
42.93881593574165,-1.4007584056178815,0,0
42.93881593574165,-1.4007584056178815,0,0
43.008815935741644,-1.3926512255732295,0,0
43.008815935741644,-1.3926512255732295,0,0
43.078815935741616,-1.3926512255732295,0,0
43.078815935741645,-1.3926512255732295,0,0
43.158815935741664,-1.3953295618738386,0,0
43.158815935741664,-1.3953295618738386,0,0
43.238815935741634,-1.3845440458133922,0,0
43.238815935741634,-1.3845440458133922,0,0
43.318815935741654,-1.3872223817333913,0,0
43.318815935741654,-1.3872223817333913,0,0
43.418815935741655,-1.3899007180340004,0,0
43.418815935741655,-1.3899007180340004,0,0
43.51881593574164,-1.3899007180340004,0,0
43.51881593574164,-1.3899007180340004,0,0
43.60881593574164,-1.3817935378935324,0,0
43.60881593574164,-1.3817935378935324,0,0
43.708815935741626,-1.3844718741941415,0,0
43.708815935741626,-1.3844718741941415,0,0
43.80881593574162,-1.3844718741941415,0,0
43.80881593574162,-1.3844718741941415,0,0
43.91881593574164,-1.3871502101141406,0,0
43.91881593574164,-1.3871502101141406,0,0
44.018815935741635,-1.3898285460341397,0,0
44.018815935741635,-1.3898285460341397,0,0
44.10881593574163,-1.3790430300694887,0,0
44.10881593574163,-1.3790430300694887,0,0
44.19881593574165,-1.3817213663700774,0,0
44.19881593574165,-1.3817213663700774,0,0
44.278815935741626,-1.384399702290097,0,0
44.278815935741626,-1.384399702290097,0,0
44.35881593574164,-1.384399702290097,0,0
44.35881593574164,-1.384399702290097,0,0
44.43881593574166,-1.387078038590706,0,0
44.43881593574166,-1.387078038590706,0,0
44.51881593574163,-1.3897563745106845,0,0
44.51881593574163,-1.3897563745106845,0,0
44.58881593574163,-1.3897563745106845,0,0
44.58881593574163,-1.3897563745106845,0,0
44.66881593574165,-1.3924347104306836,0,0
44.66881593574165,-1.3924347104306836,0,0
44.74881593574162,-1.3951130467312927,0,0
44.74881593574162,-1.3951130467312927,0,0
44.82881593574164,-1.3843275306708462,0,0
44.82881593574164,-1.3843275306708462,0,0
44.90881593574166,-1.387005866590825,0,0
44.90881593574166,-1.387005866590825,0,0
44.97881593574165,-1.389684202891434,0,0
44.97881593574165,-1.389684202891434,0,0
45.04881593574165,-1.389684202891434,0,0
45.04881593574165,-1.389684202891434,0,0
45.11881593574164,-1.3923625388114536,0,0
45.11881593574164,-1.3923625388114536,0,0
45.188815935741665,-1.3950408751120627,0,0
45.188815935741665,-1.3950408751120627,0,0
45.25881593574164,-1.3950408751120627,0,0
45.25881593574164,-1.3950408751120627,0,0
45.31881593574166,-1.386933694971595,0,0
45.31881593574166,-1.386933694971595,0,0
45.38881593574165,-1.386933694971595,0,0
45.38881593574165,-1.386933694971595,0,0
45.468815935741624,-1.389612030891594,0,0
45.468815935741624,-1.389612030891594,0,0
45.55881593574164,-1.3922903671922031,0,0
45.55881593574164,-1.3922903671922031,0,0
45.64881593574164,-1.3922903671922031,0,0
45.64881593574166,-1.3922903671922031,0,0
45.738815935741634,-1.3949687031121816,0,0
45.738815935741634,-1.3949687031121816,0,0
45.82881593574165,-1.3949687031121816,0,0
45.82881593574165,-1.3949687031121816,0,0
45.91881593574164,-1.3976470394127907,0,0
45.91881593574164,-1.3976470394127907,0,0
46.02881593574163,-1.3895398593681592,0,0
46.02881593574163,-1.3895398593681592,0,0
46.11881593574164,-1.3895398593681592,0,0
46.11881593574164,-1.3895398593681592,0,0
46.208815935741626,-1.3922181956687683,0,0
46.208815935741626,-1.3922181956687683,0,0
46.288815935741646,-1.3922181956687683,0,0
46.288815935741646,-1.3922181956687683,0,0
46.368815935741644,-1.394896531588747,0,0
46.368815935741644,-1.394896531588747,0,0
46.44881593574164,-1.3841110155283005,0,0
46.44881593574164,-1.3841110155283005,0,0
46.52881593574163,-1.3867893514482996,0,0
46.52881593574163,-1.3867893514482996,0,0
46.60881593574165,-1.3867893514482996,0,0
46.60881593574165,-1.3867893514482996,0,0
46.67881593574162,-1.3894676877489087,0,0
46.67881593574162,-1.3894676877489087,0,0
46.74881593574162,-1.3894676877489087,0,0
46.74881593574162,-1.3894676877489087,0,0
46.838815935741636,-1.3921460236688872,0,0
46.838815935741636,-1.3921460236688872,0,0
46.918815935741634,-1.3921460236688872,0,0
46.918815935741634,-1.3921460236688872,0,0
46.998815935741625,-1.3840388439090705,0,0
46.998815935741625,-1.3840388439090705,0,0
47.07881593574165,-1.3840388439090705,0,0
47.07881593574165,-1.3840388439090705,0,0
47.15881593574164,-1.386717179829049,0,0
47.15881593574164,-1.386717179829049,0,0
47.24881593574163,-1.386717179829049,0,0
47.24881593574163,-1.386717179829049,0,0
47.338815935741636,-1.389395515749048,0,0
47.338815935741636,-1.389395515749048,0,0
47.428815935741625,-1.378609999784397,0,0
47.428815935741625,-1.378609999784397,0,0
47.508815935741644,-1.3812883360850061,0.271875,0.9385416666666667
47.508815935741644,-1.3812883360850061,0.271875,0.9385416666666667
47.58881593574164,-1.3839666720050052,0.26796875,0.9427083333333334
47.58881593574164,-1.3839666720050052,0.26796875,0.9427083333333334
47.688815935741665,-1.3839666720050052,0,0
47.688815935741665,-1.3839666720050052,0,0
47.78881593574165,-1.375859492245168,0,0
47.78881593574165,-1.375859492245168,0,0
47.878815935741656,-1.375859492245168,0,0
47.878815935741656,-1.375859492245168,0,0
47.96881593574162,-1.378537828165167,0,0
47.96881593574162,-1.378537828165167,0,0
48.058815935741634,-1.378537828165167,0,0
48.058815935741634,-1.378537828165167,0,0
48.168815935741634,-1.381216164465776,0,0
48.168815935741634,-1.381216164465776,0,0
48.25881593574165,-1.381216164465776,0,0
48.25881593574165,-1.381216164465776,0,0
48.33881593574162,-1.3731089843253288,0,0
48.33881593574162,-1.3731089843253288,0,0
48.41881593574164,-1.3731089843253288,0,0
48.41881593574164,-1.3731089843253288,0,0
48.49881593574164,-1.3757873202453073,0,0
48.49881593574164,-1.3757873202453073,0,0
48.57881593574164,-1.3757873202453073,0,0
48.57881593574164,-1.3757873202453073,0,0
48.648815935741624,-1.3757873202453073,0,0
48.648815935741624,-1.3757873202453073,0,0
48.718815935741624,-1.3784656565459164,0,0
48.718815935741624,-1.3784656565459164,0,0
48.78881593574164,-1.3784656565459164,0,0
48.78881593574164,-1.3784656565459164,0,0
48.86881593574164,-1.3811439924659155,0,0
48.86881593574164,-1.3811439924659155,0,0
48.95881593574163,-1.3811439924659155,0,0
48.95881593574163,-1.3811439924659155,0,0
49.03881593574166,-1.370358476405469,0,0
49.03881593574166,-1.370358476405469,0,0
49.12881593574165,-1.3730368127060781,0,0
49.12881593574165,-1.3730368127060781,0,0
49.20881593574164,-1.3730368127060781,0,0
49.20881593574164,-1.3730368127060781,0,0
49.29881593574164,-1.3757151486260568,0,0
49.29881593574164,-1.3757151486260568,0,0
49.39881593574163,-1.3757151486260568,0,0
49.39881593574163,-1.3757151486260568,0,0
49.498815935741625,-1.3757151486260568,0,0
49.498815935741625,-1.3757151486260568,0,0
49.59881593574164,-1.378393484546056,0,0
49.59881593574164,-1.378393484546056,0,0
49.688815935741665,-1.381071820846665,0,0
49.688815935741665,-1.381071820846665,0,0
49.78881593574165,-1.381071820846665,0,0
49.78881593574165,-1.381071820846665,0,0
49.89881593574163,-1.3837501567666641,0,0
49.89881593574163,-1.3837501567666641,0,0
50.00881593574165,-1.3837501567666641,0,0
50.00881593574165,-1.3837501567666641,0,0
50.11881593574164,-1.3864284930672732,0,0
50.11881593574164,-1.3864284930672732,0,0
50.21881593574164,-1.3864284930672732,0,0
50.21881593574164,-1.3864284930672732,0,0
50.318815935741654,-1.3864284930672732,0,0
50.318815935741654,-1.3864284930672732,0,0
50.42881593574164,-1.3891068289872723,0,0
50.42881593574164,-1.3891068289872723,0,0
50.53881593574163,-1.3891068289872723,0,0
50.53881593574163,-1.3891068289872723,0,0
50.628815935741656,-1.3917851652878608,0,0
50.628815935741656,-1.3917851652878608,0,0
50.708815935741626,-1.3917851652878608,0,0
50.708815935741626,-1.3917851652878608,0,0
50.788815935741646,-1.3917851652878608,0,0
50.788815935741646,-1.3917851652878608,0,0
50.868815935741644,-1.3917851652878608,0,0
50.868815935741644,-1.3917851652878608,0,0
50.938815935741665,-1.3944635012078803,0,0
50.938815935741665,-1.3944635012078803,0,0
50.99881593574163,-1.3944635012078803,0,0
50.99881593574163,-1.3944635012078803,0,0
51.068815935741654,-1.3944635012078803,0,0
51.068815935741654,-1.3944635012078803,0,0
51.12881593574165,-1.3944635012078803,0,0
51.12881593574165,-1.3944635012078803,0,0
51.20881593574165,-1.3944635012078803,0,0
51.20881593574165,-1.3944635012078803,0,0
51.27881593574162,-1.3944635012078803,0,0
51.27881593574162,-1.3944635012078803,0,0
51.348815935741634,-1.3944635012078803,0,0
51.348815935741634,-1.3944635012078803,0,0
51.418815935741634,-1.397141837127859,0,0
51.418815935741634,-1.397141837127859,0,0
51.49881593574163,-1.397141837127859,0,0
51.49881593574163,-1.397141837127859,0,0
51.58881593574162,-1.397141837127859,0,0
51.58881593574162,-1.397141837127859,0,0
51.688815935741644,-1.397141837127859,0,0
51.688815935741644,-1.397141837127859,0,0
51.78881593574164,-1.397141837127859,0,0
51.78881593574164,-1.397141837127859,0,0
51.89881593574163,-1.399820173428468,0,0
51.89881593574163,-1.399820173428468,0,0
52.01881593574165,-1.399820173428468,0,0
52.01881593574165,-1.399820173428468,0,0
52.14881593574164,-1.399820173428468,0,0
52.14881593574164,-1.399820173428468,0,0
52.27881593574163,-1.3917129933838162,0,0
52.27881593574163,-1.3917129933838162,0,0
52.398815935741624,-1.3917129933838162,0,0
52.398815935741624,-1.3917129933838162,0,0
52.51881593574164,-1.3943913296844253,0,0
52.51881593574164,-1.3943913296844253,0,0
52.63881593574163,-1.3943913296844253,0,0
52.63881593574163,-1.3943913296844253,0,0
52.758815935741644,-1.3970696656044241,0,0
52.758815935741644,-1.3970696656044241,0,0
52.86881593574162,-1.3970696656044241,0,0
52.86881593574162,-1.3970696656044241,0,0
52.95881593574164,-1.3862841495439573,0,0
52.95881593574164,-1.3862841495439573,0,0
53.03881593574166,-1.388962485463977,0,0
53.03881593574166,-1.388962485463977,0,0
53.10881593574163,-1.388962485463977,0,0
53.10881593574163,-1.388962485463977,0,0
53.168815935741655,-1.388962485463977,0,0
53.218815935741624,-1.388962485463977,0,0
53.218815935741624,-1.388962485463977,0,0
53.218815935741624,-1.388962485463977,0,0
53.258815935741644,-1.3916408217645861,0,0
53.258815935741644,-1.3916408217645861,0,0
53.29881593574165,-1.3916408217645861,0,0
53.29881593574165,-1.3916408217645861,0,0
53.33881593574164,-1.3916408217645861,0,0
53.33881593574164,-1.3916408217645861,0,0
53.378815935741635,-1.3916408217645861,0,0
53.378815935741635,-1.3916408217645861,0,0
53.42881593574163,-1.3916408217645861,0,0
53.42881593574163,-1.3916408217645861,0,0
53.47881593574166,-1.3916408217645861,0,0
53.47881593574166,-1.3916408217645861,0,0
53.54881593574163,-1.3835336416241182,0,0
53.54881593574163,-1.3835336416241182,0,0
53.61881593574163,-1.3835336416241182,0,0
53.61881593574163,-1.3835336416241182,0,0
53.71881593574162,-1.3835336416241182,0,0
53.71881593574162,-1.3835336416241182,0,0
53.81881593574164,-1.3862119779247273,0,0
53.81881593574164,-1.3862119779247273,0,0
53.93881593574165,-1.3862119779247273,0,0
53.93881593574165,-1.3862119779247273,0,0
54.06881593574165,-1.3781047978800753,0,0
54.06881593574165,-1.3781047978800753,0,0
54.19881593574164,-1.3781047978800753,0,0
54.19881593574164,-1.3781047978800753,0,0
54.35881593574163,-1.3781047978800753,0,0
54.35881593574163,-1.3781047978800753,0,0
54.49881593574162,-1.3807831341806844,0,0
54.49881593574162,-1.3807831341806844,0,0
54.63881593574163,-1.3807831341806844,0,0
54.63881593574163,-1.3807831341806844,0,0
54.75881593574166,-1.383461470100663,0,0
54.75881593574166,-1.383461470100663,0,0
54.87881593574165,-1.383461470100663,0,0
54.87881593574165,-1.383461470100663,0,0
54.99881593574163,-1.3726759540402371,0,0
54.99881593574163,-1.3726759540402371,0,0
55.088815935741636,-1.3753542899602156,0,0
55.088815935741636,-1.3753542899602156,0,0
55.15881593574165,-1.3753542899602156,0,0
55.15881593574165,-1.3753542899602156,0,0
55.208815935741626,-1.3753542899602156,0,0
55.208815935741626,-1.3753542899602156,0,0
55.25881593574165,-1.3753542899602156,0,0
55.25881593574165,-1.3753542899602156,0,0
55.29881593574165,-1.3753542899602156,0,0
55.29881593574165,-1.3753542899602156,0,0
55.31881593574164,-1.3753542899602156,0,0
55.31881593574164,-1.3753542899602156,0,0
55.338815935741614,-1.367247110200399,0,0
55.338815935741614,-1.367247110200399,0,0
55.34881593574164,-1.367247110200399,0,0
55.34881593574164,-1.367247110200399,0,0
55.368815935741644,-1.367247110200399,0,0
55.368815935741644,-1.367247110200399,0,0
55.38881593574164,-1.367247110200399,0,0
55.38881593574164,-1.367247110200399,0,0
55.438815935741665,-1.367247110200399,0,0
55.438815935741665,-1.367247110200399,0,0
55.47881593574163,-1.367247110200399,0,0
55.47881593574163,-1.367247110200399,0,0
55.53881593574165,-1.3699254461203774,0,0
55.53881593574165,-1.3699254461203774,0,0
55.61881593574163,-1.3591399301557263,0,0
55.61881593574163,-1.3591399301557263,0,0
55.73881593574165,-1.3591399301557263,0,0
55.73881593574165,-1.3591399301557263,0,0
55.86881593574164,-1.3618182664563354,0,0
55.86881593574164,-1.3618182664563354,0,0
55.99881593574163,-1.3618182664563354,0,0
55.99881593574163,-1.3618182664563354,0,0
56.15881593574164,-1.3644966023763345,0,0
56.15881593574164,-1.3644966023763345,0,0
56.32881593574164,-1.3644966023763345,0,0
56.32881593574164,-1.3644966023763345,0,0
56.49881593574162,-1.3671749382963336,0,0
56.49881593574162,-1.3671749382963336,0,0
56.648815935741645,-1.3671749382963336,0,0
56.648815935741645,-1.3671749382963336,0,0
56.78881593574166,-1.3698532745969427,0,0
56.78881593574166,-1.3698532745969427,0,0
56.91881593574165,-1.3617460944564954,0,0
56.91881593574165,-1.3617460944564954,0,0
57.018815935741635,-1.3617460944564954,0,0
57.018815935741635,-1.3617460944564954,0,0
57.088815935741636,-1.3644244307571045,0,0
57.088815935741636,-1.3644244307571045,0,0
57.14881593574163,-1.3644244307571045,0,0
57.14881593574163,-1.3644244307571045,0,0
57.17881593574163,-1.3644244307571045,0,0
57.17881593574163,-1.3644244307571045,0,0
57.198815935741656,-1.367102766677083,0,0
57.198815935741656,-1.367102766677083,0,0
57.208815935741626,-1.367102766677083,0,0
57.208815935741626,-1.367102766677083,0,0
57.198815935741656,-1.367102766677083,0,0
57.198815935741656,-1.367102766677083,0,0
57.198815935741656,-1.367102766677083,0,0
57.198815935741656,-1.367102766677083,0,0
57.18881593574166,-1.369781102977692,0,0
57.18881593574166,-1.369781102977692,0,0
57.18881593574166,-1.3589955869172252,0,0
57.18881593574166,-1.3589955869172252,0,0
57.208815935741626,-1.3589955869172252,0,0
57.208815935741626,-1.3589955869172252,0,0
57.238815935741634,-1.3589955869172252,0,0
57.238815935741634,-1.3589955869172252,0,0
57.29881593574165,-1.3589955869172252,0,0
57.29881593574165,-1.3589955869172252,0,0
57.368815935741615,-1.3589955869172252,0,0
57.368815935741615,-1.3589955869172252,0,0
57.478815935741636,-1.361673922837245,0,0
57.478815935741636,-1.361673922837245,0,0
57.61881593574163,-1.361673922837245,0,0
57.61881593574163,-1.361673922837245,0,0
57.778815935741626,-1.3535667427925724,0,0
57.778815935741626,-1.3535667427925724,0,0
57.948815935741635,-1.3535667427925724,0,0
57.948815935741635,-1.3535667427925724,0,0
58.12881593574164,-1.3535667427925724,0,0
58.12881593574164,-1.3535667427925724,0,0
58.31881593574164,-1.3562450790931815,0,0
58.31881593574164,-1.3562450790931815,0,0
58.48881593574163,-1.3589234150131806,0,0
58.48881593574163,-1.3589234150131806,0,0
58.648815935741645,-1.3589234150131806,0,0
58.648815935741645,-1.3589234150131806,0,0
58.77881593574164,-1.3589234150131806,0,0
58.77881593574164,-1.3589234150131806,0,0
58.87881593574165,-1.3616017513137897,0,0
58.87881593574165,-1.3616017513137897,0,0
58.938815935741644,-1.3642800872337888,0,0
58.938815935741644,-1.3642800872337888,0,0
58.968815935741624,-1.3642800872337888,0,0
58.968815935741624,-1.3642800872337888,0,0
58.97881593574165,-1.3642800872337888,0,0
58.97881593574165,-1.3642800872337888,0,0
58.968815935741624,-1.3669584231537673,0,0
58.968815935741624,-1.3669584231537673,0,0
58.938815935741644,-1.3669584231537673,0,0
58.938815935741644,-1.3669584231537673,0,0
58.90881593574165,-1.3669584231537673,0,0
58.90881593574165,-1.3669584231537673,0,0
58.87881593574165,-1.3669584231537673,0,0
58.87881593574165,-1.3669584231537673,0,0
58.85881593574163,-1.3561729070933415,0,0
58.85881593574163,-1.3561729070933415,0,0
58.848815935741655,-1.3561729070933415,0,0
58.848815935741655,-1.3561729070933415,0,0
58.86881593574163,-1.3561729070933415,0,0
58.86881593574163,-1.3561729070933415,0,0
58.90881593574165,-1.3453873910328744,0,0
58.90881593574165,-1.3453873910328744,0,0
58.98881593574164,-1.3453873910328744,0,0
58.98881593574164,-1.3453873910328744,0,0
59.098815935741634,-1.3453873910328744,0,0
59.098815935741634,-1.3453873910328744,0,0
59.21881593574163,-1.3346018750682234,0,0
59.21881593574163,-1.3346018750682234,0,0
59.37881593574165,-1.3372802113688325,0,0
59.558815935741634,-1.3372802113688325,0,0
59.558815935741634,-1.3372802113688325,0,0
59.558815935741634,-1.3372802113688325,0,0
59.748815935741625,-1.3291730312283851,0,0
59.748815935741625,-1.3291730312283851,0,0
59.93881593574166,-1.3318513675289942,0,0
59.93881593574166,-1.3318513675289942,0,0
60.12881593574165,-1.3318513675289942,0,0
60.12881593574165,-1.3318513675289942,0,0
60.28881593574164,-1.3345297034489934,0,0
60.28881593574164,-1.3345297034489934,0,0
60.418815935741634,-1.3345297034489934,0,0
60.418815935741634,-1.3345297034489934,0,0
60.50881593574165,-1.3372080397496025,0,0
60.50881593574165,-1.3372080397496025,0,0
60.568815935741654,-1.3372080397496025,0,0
60.568815935741654,-1.3372080397496025,0,0
60.59881593574165,-1.3398863756696016,0,0
60.59881593574165,-1.3398863756696016,0,0
60.58881593574163,-1.3398863756696016,0,0
60.58881593574163,-1.3398863756696016,0,0
60.55881593574163,-1.3291008596091347,0,0
60.55881593574163,-1.3291008596091347,0,0
60.50881593574165,-1.3291008596091347,0,0
60.50881593574165,-1.3291008596091347,0,0
60.448815935741656,-1.3291008596091347,0,0
60.448815935741656,-1.3291008596091347,0,0
60.39881593574164,-1.3317791955291336,0,0
60.39881593574164,-1.3317791955291336,0,0
60.36881593574163,-1.3291008596091347,0,0
60.36881593574163,-1.3291008596091347,0,0
60.35881593574164,-1.3291008596091347,0,0
60.35881593574164,-1.3291008596091347,0,0
60.37881593574166,-1.3291008596091347,0,0
60.37881593574166,-1.3291008596091347,0,0
60.43881593574166,-1.3291008596091347,0,0
60.43881593574166,-1.3291008596091347,0,0
60.51881593574163,-1.3183153436444834,0,0
60.51881593574163,-1.3183153436444834,0,0
60.63881593574164,-1.3209936795644825,0,0
60.63881593574164,-1.3209936795644825,0,0
60.78881593574164,-1.3209936795644825,0,0
60.78881593574164,-1.3209936795644825,0,0
60.948815935741656,-1.3209936795644825,0,0
60.948815935741656,-1.3209936795644825,0,0
61.13881593574164,-1.3209936795644825,0,0
61.13881593574164,-1.3209936795644825,0,0
61.32881593574163,-1.3128864998046454,0,0
61.32881593574163,-1.3128864998046454,0,0
61.49881593574161,-1.3128864998046454,0,0
61.49881593574161,-1.3128864998046454,0,0
61.65881593574166,-1.3155648357246443,0,0
61.65881593574166,-1.3155648357246443,0,0
61.798815935741644,-1.3182431720252534,0,0
61.798815935741644,-1.3182431720252534,0,0
61.898815935741645,-1.3182431720252534,0,0
61.898815935741645,-1.3182431720252534,0,0
61.978815935741636,-1.3209215079452525,0,0
61.978815935741636,-1.3209215079452525,0,0
62.00881593574164,-1.3209215079452525,0,0
62.00881593574164,-1.3209215079452525,0,0
62.00881593574164,-1.3235998442458616,0,0
62.00881593574164,-1.3235998442458616,0,0
61.978815935741636,-1.3343853603062876,0,0
61.978815935741636,-1.3343853603062876,0,0
61.92881593574164,-1.3343853603062876,0,0
61.92881593574164,-1.3343853603062876,0,0
61.868815935741615,-1.3343853603062876,0,0
61.868815935741615,-1.3343853603062876,0,0
61.798815935741644,-1.3343853603062876,0,0
61.798815935741644,-1.3343853603062876,0,0
61.74881593574163,-1.3343853603062876,0,0
61.74881593574163,-1.3343853603062876,0,0
61.708815935741626,-1.3235998442458616,0,0
61.708815935741626,-1.3235998442458616,0,0
61.71881593574163,-1.3235998442458616,0,0
61.71881593574163,-1.3235998442458616,0,0
61.75881593574165,-1.3235998442458616,0,0
61.75881593574165,-1.3235998442458616,0,0
61.84881593574165,-1.3235998442458616,0,0
61.84881593574165,-1.3235998442458616,0,0
61.96881593574164,-1.3235998442458616,0,0
61.96881593574164,-1.3235998442458616,0,0
62.11881593574163,-1.3235998442458616,0,0
62.11881593574163,-1.3235998442458616,0,0
62.27881593574162,-1.3128143281853948,0,0
62.27881593574162,-1.3128143281853948,0,0
62.44881593574163,-1.3128143281853948,0,0
62.44881593574163,-1.3128143281853948,0,0
62.61881593574162,-1.3128143281853948,0,0
62.61881593574162,-1.3128143281853948,0,0
62.77881593574164,-1.3154926641054143,0,0
62.77881593574164,-1.3154926641054143,0,0
62.918815935741634,-1.3154926641054143,0,0
62.918815935741634,-1.3154926641054143,0,0
63.038815935741646,-1.318171000025393,0,0
63.038815935741646,-1.318171000025393,0,0
63.118815935741644,-1.318171000025393,0,0
63.118815935741644,-1.318171000025393,0,0
63.178815935741646,-1.320849336326002,0,0
63.178815935741646,-1.320849336326002,0,0
63.20881593574164,-1.320849336326002,0,0
63.20881593574164,-1.320849336326002,0,0
63.20881593574164,-1.320849336326002,0,0
63.188815935741665,-1.3235276722460012,0,0
63.188815935741665,-1.3235276722460012,0,0
63.188815935741665,-1.3235276722460012,0,0
63.14881593574164,-1.3343131883064476,0,0
63.14881593574164,-1.3343131883064476,0,0
63.09881593574164,-1.3343131883064476,0,0
63.09881593574164,-1.3343131883064476,0,0
63.05881593574162,-1.3343131883064476,0,0
63.05881593574162,-1.3343131883064476,0,0
63.028815935741626,-1.3343131883064476,0,0
63.028815935741626,-1.3343131883064476,0,0
63.00881593574165,-1.3343131883064476,0,0
63.00881593574165,-1.3343131883064476,0,0
63.028815935741626,-1.3343131883064476,0,0
63.028815935741626,-1.3343131883064476,0,0
63.06881593574165,-1.3343131883064476,0,0
63.06881593574165,-1.3343131883064476,0,0
63.15881593574164,-1.3235276722460012,0,0
63.15881593574164,-1.3235276722460012,0,0
63.27881593574163,-1.3235276722460012,0,0
63.27881593574163,-1.3235276722460012,0,0
63.428815935741625,-1.3235276722460012,0,0
63.428815935741625,-1.3235276722460012,0,0
63.58881593574164,-1.3235276722460012,0,0
63.58881593574164,-1.3235276722460012,0,0
63.71881593574164,-1.3127421561855548,0,0
63.71881593574164,-1.3127421561855548,0,0
63.80881593574163,-1.3154204924861639,0,0
63.80881593574163,-1.3154204924861639,0,0
63.778815935741626,-1.3154204924861639,0,0
63.778815935741626,-1.3154204924861639,0,0
63.508815935741644,-1.3180988284061423,0,0
63.508815935741644,-1.3180988284061423,0,0
62.928815935741625,-1.309991648361511,0,0
62.928815935741625,-1.309991648361511,0,0
62.01881593574164,-1.309991648361511,0,0
62.01881593574164,-1.309991648361511,0,0
60.82881593574163,-1.301884468601653,0,0
60.82881593574163,-1.301884468601653,0,0
59.40881593574165,-1.2964556247618149,0,0
59.40881593574165,-1.2964556247618149,0,0
57.798815935741644,-1.288348444717163,0,0
57.798815935741644,-1.288348444717163,0,0
56.03881593574165,-1.2694557488968792,0,0
56.03881593574165,-1.2694557488968792,0,0
54.148815935741645,-1.2613485688522272,0,0
54.148815935741645,-1.2613485688522272,0,0
52.14881593574164,-1.25324138871178,0,0
52.14881593574164,-1.25324138871178,0,0
50.08881593574164,-1.2370270289072702,0,0
50.08881593574164,-1.2370270289072702,0,0
47.98881593574165,-1.228919849147433,0,0
47.98881593574165,-1.228919849147433,0,0
45.848815935741655,-1.212705488962313,0,0
45.848815935741655,-1.212705488962313,0,0
43.88881593574165,-1.1964911290620284,0,0
43.88881593574165,-1.1964911290620284,0,0
41.89881593574164,-1.1937406216185946,0,0
41.89881593574164,-1.1937406216185946,0,0
39.988815935741634,-1.1802045976382887,0,0
39.988815935741634,-1.1802045976382887,0,0
38.08881593574162,-1.1666685737537985,0,0
38.08881593574162,-1.1666685737537985,0,0
36.468815935741645,-1.1504542138534932,0,0
36.46881593574162,-1.1504542138534932,0,0
34.76881593574162,-1.1422748621896113,0,0
34.76881593574162,-1.1422748621896113,0,0
33.30881593574164,-1.1395243542697515,0,0
33.30881593574164,-1.1395243542697515,0,0
31.858815935741628,-1.12866666668585,0,0
31.858815935741628,-1.12866666668585,0,0
30.508815935741637,-1.120487315021968,0,0
30.508815935741637,-1.120487315021968,0,0
29.238815935741613,-1.109629627342271,0,0
29.23881593574164,-1.109629627342271,0,0
28.01881593574164,-1.1122357917388355,0,0
28.01881593574164,-1.1122357917388355,0,0
26.838815935741636,-1.1148419560395635,0,0
26.838815935741636,-1.1148419560395635,0,0
25.688815935741655,-1.1174481203403324,0,0
25.688815935741655,-1.1174481203403324,0,0
24.60881593574165,-1.1200542847368762,0,0
24.60881593574167,-1.1200542847368762,0,0
23.608815935741635,-1.1199821131176257,0,0
23.608815935741635,-1.1199821131176257,0,0
22.678815935741643,-1.1360521293988404,0,0
22.678815935741664,-1.1360521293988404,0,0
21.85881593574164,-1.1386582936995682,0,0
21.85881593574164,-1.1386582936995682,0,0
21.098815935741637,-1.1412644580003373,0,0
21.098815935741637,-1.1412644580003373,0,0
20.428815935741625,-1.1465489586974902,0,0
20.4288159357416,-1.1465489586974902,0,0
19.80881593574164,-1.159940639058685,0,0
19.80881593574164,-1.159940639058685,0,0
19.26881593574165,-1.17333231941988,0,0
19.26881593574165,-1.17333231941988,0,0
18.788815935741628,-1.189402336081684,0,0
18.788815935741603,-1.189402336081684,0,0
18.398815935741627,-1.1920085003824532,0,0
18.398815935741627,-1.1920085003824532,0,0
18.07881593574165,-1.205400180743648,0,0
18.078815935741673,-1.205400180743648,0,0
17.838815935741636,-1.218791861104843,0,0
17.838815935741636,-1.218791861104843,0,0
17.64881593574162,-1.234861877386037,0,0
17.64881593574162,-1.234861877386037,0,0
17.528815935741605,-1.2482535577472318,0,0
17.52881593574163,-1.2482535577472318,0,0
17.44881593574163,-1.2616452381084473,0,0
17.44881593574163,-1.2616452381084473,0,0
17.398815935741638,-1.2642514027898057,0,0
17.398815935741638,-1.2642514027898057,0,0
17.408815935741636,-1.2803214190709793,0,0
17.408815935741636,-1.2803214190709793,0,0
17.428815935741635,-1.304498615492641,0,0
17.428815935741635,-1.304498615492641,0,0
17.44881593574163,-1.3178902958538359,0,0
17.44881593574163,-1.3178902958538359,0,0
17.498815935741632,-1.3339603125156398,0,0
17.498815935741632,-1.3339603125156398,0,0
17.578815935741627,-1.347351992876835,0,0
17.578815935741652,-1.347351992876835,0,0
17.64881593574162,-1.3607436732380502,0,0
17.64881593574162,-1.3607436732380502,0,0
17.73881593574164,-1.3768136895192442,0,0
17.73881593574164,-1.3768136895192442,0,0
17.828815935741638,-1.3902053702610493,0,0
17.828815935741638,-1.3902053702610493,0,0
17.93881593574163,-1.4035970506222646,0,0
17.93881593574163,-1.4035970506222646,0,0
18.068815935741622,-1.4169887309834595,0,0
18.068815935741622,-1.4169887309834595,0,0
18.218815935741635,-1.4303804113446545,0,0
18.218815935741635,-1.4303804113446545,0,0
18.38881593574165,-1.4572359436862947,0,0
18.38881593574165,-1.4572359436862947,0,0
18.55881593574164,-1.4706276240474898,0,0
18.55881593574164,-1.4706276240474898,0,0
18.74881593574163,-1.484019304789315,0,0
18.74881593574163,-1.484019304789315,0,0
18.958815935741644,-1.4974109851505102,0,0
18.958815935741644,-1.4974109851505102,0,0
19.208815935741654,-1.510802665511705,0,0
19.208815935741654,-1.510802665511705,0,0
19.47881593574166,-1.5241943458729,0,0
19.478815935741636,-1.5241943458729,0,0
19.75881593574164,-1.540264362154094,0,0
19.75881593574164,-1.540264362154094,0,0
20.058815935741652,-1.5536560425153094,0,0
20.058815935741652,-1.5536560425153094,0,0
20.378815935741628,-1.5670477228765043,0,0
20.378815935741656,-1.5670477228765043,0,0
20.708815935741637,-1.5804394036183091,0,0
20.708815935741637,-1.5804394036183091,0,0
21.08881593574164,-1.593831083979504,0,0
21.08881593574164,-1.593831083979504,0,0
21.398815935741645,-1.6072227643407195,0,0
21.398815935741645,-1.6072227643407195,0,0
21.758815935741673,-1.6206144447019146,0,0
21.758815935741644,-1.6206144447019146,0,0
22.11881593574165,-1.634006125063109,0,0
22.11881593574165,-1.634006125063109,0,0
22.478815935741654,-1.6366122893638575,0,0
22.478815935741654,-1.6366122893638575,0,0
22.838815935741653,-1.6526823056450517,0,0
22.838815935741653,-1.6526823056450517,0,0
23.178815935741635,-1.6660739863868774,0,0
23.178815935741635,-1.6660739863868774,0,0
23.51881593574164,-1.6794656667480723,0,0
23.51881593574164,-1.6794656667480723,0,0
23.84881593574164,-1.6928573471092672,0,0
23.84881593574164,-1.6928573471092672,0,0
24.168815935741648,-1.6927851751094063,0,0
24.168815935741648,-1.6927851751094063,0,0
24.48881593574163,-1.7088551917712311,0,0
24.48881593574163,-1.7088551917712311,0,0
24.81881593574166,-1.711461356167775,0,0
24.81881593574166,-1.711461356167775,0,0
25.13881593574164,-1.72485303652897,0,0
25.13881593574164,-1.72485303652897,0,0
25.458815935741644,-1.7274592008297183,0,0
25.458815935741644,-1.7274592008297183,0,0
-101.16571163728304,6.434450883668542,0,0
-101.16571163728304,6.434450883668542,0,0
-100.88571163728307,6.389906643259648,0,0
-100.88571163728307,6.389906643259648,0,0
-100.60571163728304,6.345362402926913,0,0
-100.60571163728304,6.345362402926913,0,0
-100.33571163728305,6.30939497683313,0,0
-100.33571163728305,6.30939497683313,0,0
-100.10571163728298,6.264850736424236,0,0
-100.10571163728298,6.264850736424236,0,0
-99.89571163728306,6.220306496015342,0,0
-99.89571163728306,6.220306496015342,0,0
-99.72571163728304,6.175762255682622,0,0
-99.72571163728304,6.175762255682622,0,0
-99.60571163728304,6.139794830611072,0,0
-99.60571163728304,6.139794830611072,0,0
-99.515711637283,6.095250590202192,0,0
-99.515711637283,6.095250590202192,0,0
-99.45571163728306,6.050706349793283,0,0
-99.45571163728306,6.050706349793283,0,0
-99.42571163728303,6.006162109460563,0,0
-99.42571163728303,6.006162109460563,0,0
-99.39571163728306,5.9544243834240165,0,0
-99.39571163728306,5.9544243834240165,0,0
-99.39571163728306,5.909880143015107,0,0
-99.39571163728306,5.909880143015107,0,0
-99.40571163728305,5.865335902682403,0,0
-99.40571163728305,5.865335902682403,0,0
-99.41571163728298,5.820791662273508,0,0
-99.40571163728305,5.776247421864613,0,0
-99.40571163728305,5.776247421864613,0,0
-99.40571163728305,5.776247421864613,0,0
-99.39571163728306,5.731703181455703,0,0
-99.39571163728306,5.731703181455703,0,0
-99.35571163728298,5.679965455495331,0.6640625,0.8604166666666667
-99.35571163728298,5.679965455495331,0.6640625,0.8604166666666667
-99.28571163728304,5.635421215086437,0,0
-99.28571163728299,5.635421215086437,0,0
-99.19571163728301,5.590876974677543,0,0
-99.19571163728301,5.590876974677543,0,0
-99.075711637283,5.546332734344823,0,0
-99.075711637283,5.546332734344823,0,0
-98.94571163728301,5.486018193993149,0,0
-98.94571163728301,5.486018193993149,0,0
-98.77571163728305,5.44147395366043,0,0
-98.77571163728305,5.44147395366043,0,0
-98.57571163728306,5.388352896891928,0,0
-98.57571163728306,5.388352896891928,0,0
-98.34571163728299,5.336615171953803,0,0
-98.34571163728299,5.336615171953803,0,0
-98.075711637283,5.300647746882269,0,0
-98.075711637283,5.300647746882269,0,0
-97.78571163728304,5.256103506473374,0,0
-97.78571163728304,5.256103506473374,0,0
-97.455711637283,5.202982450803295,0,0
-97.455711637283,5.202982450803295,0,0
-97.08571163728305,5.158438210394401,0,0
-97.08571163728305,5.158438210394401,0,0
-96.69571163728301,5.106700484357838,0,0
-96.69571163728301,5.106700484357838,0,0
-96.28571163728304,5.062156244025119,0,0
-96.28571163728304,5.062156244025119,0,0
-95.84571163728299,5.009035188278865,0,0
-95.84571163728299,5.009035188278865,0,0
-95.38571163728301,4.955914132608786,0,0
-95.38571163728301,4.955914132608786,0,0
-94.89571163728306,4.911369892199876,0,0
-94.89571163728306,4.911369892199876,0,0
-94.35571163728298,4.858248836529812,0,0
-94.35571163728298,4.858248836529812,0,0
-93.80571163728303,4.813704596120902,0,0
-93.80571163728297,4.813704596120902,0,0
-93.205711637283,4.760583539428576,0,0
-93.205711637283,4.760583539428576,0,0
-92.59571163728305,4.723232784647349,0,0
-92.59571163728305,4.723232784647349,0,0
-91.94571163728301,4.67011172897727,0,0
-91.94571163728301,4.67011172897727,0,0
-91.29571163728298,4.616990673231001,0,0
-91.29571163728298,4.616990673231001,0,0
-90.59571163728305,4.572446431876034,0,0
-90.59571163728305,4.572446431876034,0,0
-89.88571163728307,4.526518861757433,0,0
-89.88571163728307,4.526518861757433,0,0
-89.15571163728305,4.473397806087354,0,0
-89.15571163728305,4.473397806087354,0,0
-88.40571163728305,4.4202767503411,0,0
-88.40571163728305,4.4202767503411,0,0
-87.64571163728306,4.374349179276441,0,0
-87.64571163728306,4.374349179276441,0,0
-86.87571163728308,4.321228123606347,0,0
-86.87571163728308,4.321228123606347,0,0
-86.08571163728305,4.250953437261549,0,0
-86.08571163728305,4.250953437261549,0,0
-85.30571163728303,4.21360268145806,0,0
-85.30571163728303,4.21360268145806,0,0
-84.50571163728307,4.151904810450621,0,0
-84.50571163728307,4.151904810450621,0,0
-83.69571163728307,4.105977239385947,0,0
-83.69571163728307,4.105977239385947,0,0
-82.87571163728302,4.052856183715868,0,0
-82.87571163728302,4.052856183715868,0,0
-82.06571163728302,3.9983517982599226,0,0
-82.06571163728302,3.9983517982599226,0,0
-81.25571163728301,3.936653927252484,0,0
-81.25571163728301,3.936653927252484,0,0
-80.43571163728308,3.8907263561877947,0,0
-80.43571163728308,3.8907263561877947,0,0
-79.59571163728299,3.8362219697857762,0,0
-79.59571163728299,3.8362219697857762,0,0
-78.74571163728297,3.7902943987211026,0,0
-78.74571163728297,3.7902943987211026,0,0
-77.895711637283,3.728596527713664,0,0
-77.895711637283,3.728596527713664,0,0
-77.03571163728299,3.6740921423338775,0,0
-77.03571163728299,3.6740921423338775,0,0
-76.18571163728308,3.6195877558556697,0,0
-76.18571163728308,3.6195877558556697,0,0
-75.31571163728302,3.565083369453636,0,0
-75.31571163728302,3.565083369453636,0,0
-74.44571163728301,3.5105789840738653,0,0
-74.44571163728301,3.5105789840738653,0,0
-73.50571163728301,3.4560745976718317,0,0
-73.50571163728301,3.4560745976718317,0,0
-72.69571163728301,3.4015702112697985,0,0
-72.69571163728301,3.4015702112697985,0,0
-71.81571163728302,3.347065825890012,0,0
-71.81571163728302,3.347065825890012,0,0
-70.93571163728302,3.2925614394879785,0,0
-70.93571163728302,3.2925614394879785,0,0
-70.02571163728305,3.2452505387136137,0,0
-70.02571163728305,3.2452505387136137,0,0
-69.11571163728303,3.18216933697422,0,0
-69.11571163728303,3.18216933697422,0,0
-68.215711637283,3.1190881353110025,0,0
-68.215711637283,3.1190881353110025,0,0
-67.30571163728297,3.0645837499312316,0,0
-67.30571163728297,3.0645837499312316,0,0
-66.37571163728302,3.017272849156851,0,0
-66.37571163728302,3.017272849156851,0,0
-65.44571163728301,2.961385132022863,0,0
-65.44571163728301,2.961385132022863,0,0
-64.53571163728304,2.8983039313057173,0,0
-64.53571163728304,2.8983039313057173,0,0
-63.63571163728301,2.8352227295663397,0,0
-63.63571163728301,2.8352227295663397,0,0
-62.755711637283014,2.779335013530789,0,0
-62.755711637283014,2.779335013530789,0,0
-61.85571163728298,2.724830627128741,0,0
-61.85571163728298,2.724830627128741,0,0
-60.94571163728301,2.6689429110170155,0,0
-60.94571163728301,2.6689429110170155,0,0
-60.035711637282986,2.6058617092776224,0,0
-60.035711637282986,2.6058617092776224,0,0
-59.15571163728305,2.5413971779046975,0,0
-59.15571163728305,2.5413971779046975,0,0
-58.275711637282996,2.4855094617929723,0,0
-58.275711637282996,2.4855094617929723,0,0
-57.39571163728306,2.4296217446589994,0,0
-57.39571163728306,2.4296217446589994,0,0
-56.505711637283014,2.380927513152664,0,0
-56.505711637283014,2.380927513152664,0,0
-55.63571163728301,2.3164629817797393,0,0
-55.63571163728301,2.3164629817797393,0,0
-54.765711637283005,2.260575265668014,0,0
-54.765711637283005,2.260575265668014,0,0
-53.89571163728306,2.2046875496324634,0,0
-53.89571163728306,2.2046875496324634,0,0
-53.015711637283005,2.1474165027887686,0,0
-53.015711637283005,2.1474165027887686,0,0
-52.13571163728301,2.0915287866770433,0,0
-52.13571163728301,2.0915287866770433,0,0
-51.21571163728305,2.0342577399095236,0,0
-51.21571163728305,2.0342577399095236,0,0
-50.37571163728305,1.9697932085366137,0,0
-50.37571163728305,1.9697932085366137,0,0
-49.495711637283044,1.9210989770302933,0,0
-49.495711637283044,1.9210989770302933,0,0
-48.60571163728305,1.8566344445589462,0,0
-48.60571163728305,1.8566344445589462,0,0
-47.70571163728306,1.7993633988136888,0,0
-47.70571163728306,1.7993633988136888,0,0
-46.83571163728304,1.7420923520461842,0,0
-46.835711637283055,1.7420923520461842,0,0
-45.93571163728306,1.6848213052024892,0,0
-45.935711637283035,1.6848213052024892,0,0
-45.03571163728304,1.6275502584349844,0,0
-45.03571163728304,1.6275502584349844,0,0
-44.115711637283056,1.5702792115913045,0,0
-44.115711637283056,1.5702792115913045,0,0
-43.17571163728306,1.5202016504514524,0,0
-43.17571163728306,1.5202016504514524,0,0
-42.26571163728303,1.4629306036077574,0,0
-42.26571163728301,1.4629306036077574,0,0
-41.345711637283046,1.3970827415028932,0,0
-41.345711637283046,1.3970827415028932,0,0
-40.42571163728305,1.347005180363041,0,0
-40.42571163728302,1.347005180363041,0,0
-39.475711637283034,1.289734133519346,0,0
-39.475711637283034,1.289734133519346,0,0
-38.60571163728304,1.239656572379509,0,0
-38.60571163728304,1.239656572379509,0,0
-37.705711637283066,1.182385525611989,0,0
-37.705711637283066,1.182385525611989,0,0
-36.81571163728305,1.132307963373714,0,0
-36.81571163728305,1.132307963373714,0,0
-35.93571163728303,1.0736535868965025,0,0
-35.93571163728305,1.0736535868965025,0,0
-35.05571163728305,1.0235760247344026,0,0
-35.05571163728305,1.0235760247344026,0,0
-34.17571163728306,0.9734984635183753,0,0
-34.17571163728306,0.9734984635183753,0,0
-33.325711637283035,0.9148440870411637,0,0
-33.325711637283014,0.9148440870411637,0,0
-32.49571163728304,0.8647665248790638,0,0
-32.49571163728306,0.8647665248790638,0,0
-31.685711637283035,0.8146889636630366,0,0
-31.68571163728306,0.8146889636630366,0,0
-30.83571163728306,0.7646114015009366,0,0
-30.83571163728306,0.7646114015009366,0,0
-29.99571163728304,0.71315050962913,0,0
-29.995711637283062,0.71315050962913,0,0
-29.105711637283044,0.6630729484131027,0,0
-29.10571163728302,0.6630729484131027,0,0
-28.31571163728304,0.6201888718786555,0,0
-28.31571163728304,0.6201888718786555,0,0
-27.49571163728307,0.5687279800068638,0,0
-27.49571163728307,0.5687279800068638,0,0
-26.675711637283065,0.5186504187908366,0,0
-26.675711637283065,0.5186504187908366,0,0
-25.845711637283042,0.47576634225638925,0,0
-25.845711637283014,0.47576634225638925,0,0
-25.04571163728304,0.42430545038458256,0,0
-25.045711637283016,0.42430545038458256,0,0
-24.22571163728304,0.38142137377396024,0,0
-24.225711637283013,0.38142137377396024,0,0
-23.415711637283042,0.3299604819021686,0,0
-23.415711637283014,0.3299604819021686,0,0
-22.585711637283065,0.2870764053677213,0,0
-22.58571163728304,0.2870764053677213,0,0
-21.735711637283046,0.24419232883327396,0,0
-21.735711637283018,0.24419232883327396,0,0
-20.89571163728307,0.1999249214906972,0,0
-20.89571163728307,0.1999249214906972,0,0
-20.035711637283047,0.15704084495624987,0,0
-20.035711637283047,0.15704084495624987,0,0
-19.175711637283076,0.10557995308445822,0,0
-19.17571163728305,0.10557995308445822,0,0
-18.29571163728303,0.06269587647383597,0,0
-18.29571163728303,0.06269587647383597,0,0
-17.40571163728306,0.019811799939388648,0,0
-17.40571163728306,0.019811799939388648,0,0
-16.505711637283014,-0.024455607327013174,0,0
-16.505711637283014,-0.024455607327013174,0,0
-15.595711637283044,-0.0673396838614605,0,0
-15.595711637283044,-0.0673396838614605,0,0
-14.695711637283022,-0.11160709018177453,0,0
-14.695711637283049,-0.11160709018177453,0,0
-13.78571163728303,-0.1472976821108169,0,0
-13.785711637283056,-0.1472976821108169,0,0
-12.885711637283034,-0.18298827301759654,0,0
-12.885711637283034,-0.18298827301759654,0,0
-12.005711637283039,-0.2272556803601733,0,0
-12.005711637283039,-0.2272556803601733,0,0
-11.145711637283066,-0.2629462722892157,0,0
-11.145711637283066,-0.2629462722892157,0,0
-10.285711637283017,-0.29863686319599536,0,0
-10.285711637283017,-0.29863686319599536,0,0
-9.435711637283019,-0.33432745520121265,0,0
-9.435711637283019,-0.33432745520121265,0,0
-8.61571163728307,-0.37859486144535176,0,0
-8.615711637283045,-0.37859486144535176,0,0
-7.775711637283046,-0.41428545337437905,0,0
-7.775711637283046,-0.41428545337437905,0,0
-7.065711637283014,-0.4499760443573487,0,0
-7.06571163728304,-0.4499760443573487,0,0
-6.355711637283033,-0.47847315168098614,0,0
-6.355711637283033,-0.47847315168098614,0,0
-5.645711637283027,-0.5141637426639407,0,0
-5.6457116372830525,-0.5141637426639407,0,0
-4.945711637283044,-0.5426608489653155,0,0
-4.945711637283044,-0.5426608489653155,0,0
-4.2757116372830355,-0.5711579562889529,0,0
-4.27571163728306,-0.5711579562889529,0,0
-3.6157116372830256,-0.6068485472719075,0,0
-3.615711637283051,-0.6068485472719075,0,0
-2.9657116372830656,-0.6353456535732973,0,0
-2.9657116372830403,-0.6353456535732973,0,0
-2.2857116372830317,-0.663842759950847,0,0
-2.285711637283057,-0.663842759950847,0,0
-1.615711637283048,-0.6923398672744844,0,0
-1.6157116372830227,-0.6923398672744844,0,0
-0.9557116372830382,-0.720836973652034,0,0
-0.9557116372830128,-0.720836973652034,0,0
-0.2757116372830805,-0.7493340799534087,0,0
-0.27571163728305503,-0.7493340799534087,0,0
0.4142883627169275,-0.7706377016493937,0,0
0.4142883627169275,-0.7706377016493937,0,0
1.1242883627169342,-0.7991348080269433,0,0
1.1242883627169598,-0.7991348080269433,0,0
1.8542883627169398,-0.827631914328318,0,0
1.8542883627169398,-0.827631914328318,0,0
2.574288362716946,-0.8561290207058828,0,0
2.5742883627169713,-0.8561290207058828,0,0
3.294288362716952,-0.8774326424018375,0,0
3.294288362716952,-0.8774326424018375,0,0
3.994288362716959,-0.9059297487794022,0,0
3.9942883627169845,-0.9059297487794022,0,0
4.694288362716967,-0.9344268550807768,0,0
4.694288362716967,-0.9344268550807768,0,0
5.394288362716999,-0.9471536615155773,0,0
5.394288362716973,-0.9471536615155773,0,0
6.044288362716934,-0.9756507678169519,0,0
6.044288362716934,-0.9756507678169519,0,0
6.68428836271697,-0.9969543895890969,0,0
6.684288362716944,-0.9969543895890969,0,0
7.284288362716959,-1.016874680553112,0,0
7.284288362716959,-1.016874680553112,0,0
7.874288362716998,-1.0381783023252718,0,0
7.874288362716973,-1.0381783023252718,0,0
8.414288362716965,-1.0666754086266466,0,0
8.414288362716965,-1.0666754086266466,0,0
8.934288362716957,-1.0794022150614317,0,0
8.934288362716957,-1.0794022150614317,0,0
9.434288362716925,-1.1007058367574016,0,0
9.434288362716952,-1.1007058367574016,0,0
9.904288362716947,-1.1220094575072987,0,0
9.904288362716974,-1.1220094575072987,0,0
10.37428836271697,-1.141929748471314,0,0
10.374288362716996,-1.141929748471314,0,0
10.824288362716967,-1.1546565549061143,0,0
10.824288362716967,-1.1546565549061143,0,0
11.254288362716967,-1.175960176678259,0,0
11.254288362716967,-1.175960176678259,0,0
11.684288362716938,-1.190070312746561,0,0
11.684288362716963,-1.190070312746561,0,0
12.104288362716964,-1.2027971191813616,0,0
12.10428836271699,-1.2027971191813616,0,0
12.524288362716938,-1.215523925539972,0,0
12.524288362716963,-1.215523925539972,0,0
12.964288362716987,-1.236827546289869,0,0
12.96428836271696,-1.236827546289869,0,0
13.39428836271696,-1.2423608681192493,0,0
13.394288362716935,-1.2423608681192493,0,0
13.824288362716985,-1.263664489815234,0,0
13.82428836271696,-1.263664489815234,0,0
14.264288362716982,-1.2763912952277718,0,0
14.264288362716982,-1.2763912952277718,0,0
14.714288362716955,-1.281924617057137,0,0
14.71428836271698,-1.281924617057137,0,0
15.174288362716975,-1.2946514223935148,0,0
15.17428836271699,-1.2946514223935148,0,0
15.614288362716973,-1.3087615595602546,0,0
15.614288362716962,-1.3087615595602546,0,0
16.044288362716934,-1.3142948802911973,0,0
16.044288362716934,-1.3142948802911973,0,0
16.45428836271696,-1.3270216867259976,0,0
16.45428836271696,-1.3270216867259976,0,0
16.834288362716986,-1.3325550075331303,0,0
17.194288362716964,-1.353858629229085,0,0
17.194288362716964,-1.353858629229085,0,0
17.19428836271698,-1.353858629229085,0,0
17.514288362716982,-1.3593919500362328,0,0
17.514288362716997,-1.3593919500362328,0,0
17.804288362716978,-1.3649252718656133,0,0
17.804288362716978,-1.3649252718656133,0,0
18.07428836271696,-1.3776520772781509,0,0
18.07428836271696,-1.3776520772781509,0,0
18.324288362716956,-1.3831853990313563,0,0
18.32428836271693,-1.3831853990313563,0,0
18.55428836271698,-1.388718719838489,0,0
18.554288362716957,-1.388718719838489,0,0
18.784288362716968,-1.4100223415344437,0,0
18.784288362716957,-1.4100223415344437,0,0
18.99428836271693,-1.406978847004232,0,0
18.994288362716954,-1.406978847004232,0,0
19.22428836271694,-1.4125121678113497,0,0
19.22428836271694,-1.4125121678113497,0,0
19.474288362716965,-1.42523897424615,0,0
19.47428836271695,-1.42523897424615,0,0
19.744288362716958,-1.4307722950532826,0,0
19.744288362716947,-1.4307722950532826,0,0
20.014288362716993,-1.436305616806488,0,0
20.014288362716993,-1.436305616806488,0,0
20.304288362716974,-1.4418389376136056,0,0
20.30428836271699,-1.4418389376136056,0,0
20.584288362716947,-1.454565744048406,0,0
20.584288362716947,-1.454565744048406,0,0
20.884288362716926,-1.4600990648555237,0,0
20.884288362716926,-1.4600990648555237,0,0
21.15428836271696,-1.4656323855864815,0,0
21.154288362716976,-1.4656323855864815,0,0
21.424288362716958,-1.4711657074158768,0,0
21.424288362716958,-1.4711657074158768,0,0
21.674288362717007,-1.4838925138506622,0,0
21.67428836271698,-1.4838925138506622,0,0
21.89428836271699,-1.4894258346577798,0,0
21.894288362716978,-1.4894258346577798,0,0
22.104288362716964,-1.4949591553887527,0,0
22.104288362716964,-1.4949591553887527,0,0
22.29428836271695,-1.5076859618235379,0,0
22.29428836271695,-1.5076859618235379,0,0
22.444288362716946,-1.5132192826306556,0,0
22.59428836271697,-1.518752604460051,0,0
22.59428836271697,-1.518752604460051,0,0
22.594288362716984,-1.518752604460051,0,0
22.714288362716964,-1.5242859251910088,0,0
22.714288362716978,-1.5242859251910088,0,0
22.84428836271697,-1.5298192459981264,0,0
22.844288362716984,-1.5298192459981264,0,0
22.974288362716937,-1.5267757524901624,0,0
22.97428836271695,-1.5267757524901624,0,0
23.10428836271698,-1.53230907329728,0,0
23.104288362716964,-1.53230907329728,0,0
23.244288362716944,-1.5378423941044126,0,0
23.244288362716944,-1.5378423941044126,0,0
23.394288362716985,-1.543375715857618,0,0
23.394288362716974,-1.543375715857618,0,0
23.564288362716976,-1.5403322213273913,0,0
23.564288362716976,-1.5403322213273913,0,0
23.724288362716965,-1.545865542134524,0,0
23.72428836271698,-1.545865542134524,0,0
23.874288362716953,-1.5513988639639196,0,0
23.874288362716953,-1.5513988639639196,0,0
24.014288362716997,-1.5483553694336776,0,0
24.014288362716986,-1.5483553694336776,0,0
24.15428836271693,-1.5538886902408104,0,0
24.154288362716937,-1.5538886902408104,0,0
24.294288362716944,-1.5594220119940159,0,0
24.29428836271696,-1.5594220119940159,0,0
24.424288362716975,-1.5577618471734809,0,0
24.424288362716986,-1.5577618471734809,0,0
24.54428836271695,-1.5547183536655167,0,0
24.54428836271698,-1.5547183536655167,0,0
24.64428836271695,-1.5602516744726345,0,0
24.64428836271695,-1.5602516744726345,0,0
24.75428836271694,-1.5500146953370026,0,0
24.754288362716956,-1.5500146953370026,0,0
24.864288362716934,-1.5555480161441355,0,0
24.86428836271696,-1.5555480161441355,0,0
24.974288362716926,-1.5525045226361565,0,0
24.974288362716937,-1.5525045226361565,0,0
25.074288362716942,-1.558037843367114,0,0
25.074288362716935,-1.558037843367114,0,0
25.164288362716988,-1.5478008642314824,0,0
25.16428836271698,-1.5478008642314824,0,0
25.25428836271697,-1.5533341850386,0,0
25.25428836271697,-1.5533341850386,0,0
25.344288362716966,-1.5430972059029684,0,0
25.344288362716966,-1.5430972059029684,0,0
25.42428836271696,-1.548630526710101,0,0
25.424288362716975,-1.548630526710101,0,0
25.48428836271697,-1.545587033202122,0,0
25.48428836271696,-1.545587033202122,0,0
25.534288362716968,-1.5353500540664904,0,0
25.534288362716968,-1.5353500540664904,0,0
25.54428836271694,-1.540883374873623,0,0
25.54428836271694,-1.540883374873623,0,0
25.564288362717004,-1.5378398803433964,0,0
25.56428836271699,-1.5378398803433964,0,0
25.574288362717006,-1.5347963868354173,0,0
25.574288362717006,-1.5347963868354173,0,0
25.574288362717006,-1.5245594076997855,0,0
25.57428836271699,-1.5245594076997855,0,0
25.584288362716965,-1.5215159131695588,0,0
25.584288362716965,-1.5215159131695588,0,0
25.594288362716938,-1.5270492339766764,0,0
25.594288362716938,-1.5270492339766764,0,0
25.634288362716998,-1.5168122548410448,0,0
25.634288362716998,-1.5168122548410448,0,0
25.684288362716963,-1.5137687613330808,0,0
25.68428836271695,-1.5137687613330808,0,0
25.734288362716942,-1.5193020821401984,0,0
25.734288362716953,-1.5193020821401984,0,0
25.80428836271694,-1.5090651030045668,0,0
25.804288362716928,-1.5090651030045668,0,0
25.854288362716925,-1.5060216084743399,0,0
25.854288362716932,-1.5060216084743399,0,0
25.904288362716983,-1.5043614445998776,0,0
25.904288362716972,-1.5043614445998776,0,0
25.964288362716992,-1.501317950145841,0,0
25.964288362716978,-1.501317950145841,0,0
25.984288362716928,-1.4996577862713787,0,0
25.984288362716928,-1.4996577862713787,0,0
25.99428836271694,-1.4966142927633996,0,0
25.994288362716926,-1.4966142927633996,0,0
25.974288362716965,-1.493570798233188,0,0
25.974288362716965,-1.493570798233188,0,0
25.934288362716927,-1.4833338190975411,0,0
25.934288362716927,-1.4833338190975411,0,0
25.894288362716985,-1.488867139904674,0,0
25.894288362716996,-1.488867139904674,0,0
25.834288362716972,-1.4786301607690422,0,0
25.834288362716986,-1.4786301607690422,0,0
25.77428836271698,-1.4755866662388004,0,0
25.77428836271699,-1.4755866662388004,0,0
25.73428836271693,-1.4725431727308365,0,0
25.734288362716953,-1.4725431727308365,0,0
25.724288362716944,-1.4623061935951898,0,0
25.724288362716955,-1.4623061935951898,0,0
25.724288362716955,-1.4592626990649629,0,0
25.724288362716944,-1.4592626990649629,0,0
25.74428836271694,-1.4490257199293313,0,0
25.74428836271694,-1.4490257199293313,0,0
25.794288362716927,-1.454559040736464,0,0
25.794288362716927,-1.454559040736464,0,0
25.824288362716985,-1.4443220616008323,0,0
25.824288362716977,-1.4443220616008323,0,0
25.844288362716938,-1.4412785670705905,0,0
25.844288362716938,-1.4412785670705905,0,0
25.864288362716934,-1.4396184032723183,0,0
25.86428836271692,-1.4396184032723183,0,0
25.864288362716948,-1.4365749097643543,0,0
25.86428836271692,-1.4365749097643543,0,0
25.834288362716986,-1.4263379306287074,0,0
25.834288362716972,-1.4263379306287074,0,0
25.784288362716925,-1.4232944360984807,0,0
25.784288362716925,-1.4232944360984807,0,0
25.724288362716944,-1.4130574569628491,0,0
25.724288362716955,-1.4130574569628491,0,0
25.664288362716945,-1.4185907777699818,0,0
25.664288362716945,-1.4185907777699818,0,0
25.604288362716954,-1.4083537986343502,0,0
25.604288362716964,-1.4083537986343502,0,0
25.554288362716953,-1.4053103041041084,0,0
25.554288362716942,-1.4053103041041084,0,0
25.504288362717006,-1.3950733249684766,0,0
25.504288362717006,-1.3950733249684766,0,0
25.46428836271696,-1.3920298314605126,0,0
25.464288362716935,-1.3920298314605126,0,0
25.43428836271695,-1.381792852324866,0,0
25.434288362716963,-1.381792852324866,0,0
25.404288362716965,-1.3787493577946393,0,0
25.404288362716972,-1.3787493577946393,0,0
25.384288362716976,-1.3685123786590074,0,0
25.384288362716966,-1.3685123786590074,0,0
25.344288362716952,-1.3582753995233607,0,0
25.344288362716952,-1.3582753995233607,0,0
25.314288362716955,-1.3480384203877442,0,0
25.31428836271697,-1.3480384203877442,0,0
25.284288362716957,-1.3449949259336773,0,0
25.28428836271697,-1.3449949259336773,0,0
25.224288362716973,-1.3347579467980455,0,0
25.224288362716973,-1.3347579467980455,0,0
25.184288362716977,-1.3317144522678188,0,0
25.184288362716977,-1.3317144522678188,0,0
25.104288362716947,-1.3214774731321721,0,0
25.104288362716918,-1.3214774731321721,0,0
25.024288362716987,-1.3112404939965554,0,0
25.024288362716987,-1.3112404939965554,0,0
24.944288362716943,-1.316773814727498,0,0
24.944288362716954,-1.316773814727498,0,0
24.86428836271696,-1.297960020330682,0,0
24.864288362716945,-1.297960020330682,0,0
24.794288362716966,-1.3034933421600623,0,0
24.79428836271695,-1.3034933421600623,0,0
24.72428836271695,-1.293256362002168,0,0
24.72428836271695,-1.293256362002168,0,0
24.64428836271695,-1.2830193828665515,0,0
24.644288362716956,-1.2830193828665515,0,0
24.574288362716942,-1.279975889358557,0,0
24.57428836271695,-1.279975889358557,0,0
24.50428836271697,-1.2697389102229255,0,0
24.504288362716956,-1.2697389102229255,0,0
24.44428836271697,-1.2666954156926988,0,0
24.44428836271697,-1.2666954156926988,0,0
24.384288362716962,-1.256458436557067,0,0
24.384288362716976,-1.256458436557067,0,0
24.304288362716967,-1.2534149420268403,0,0
24.30428836271698,-1.2534149420268403,0,0
24.23428836271696,-1.251754778228553,0,0
24.23428836271696,-1.251754778228553,0,0
24.134288362716926,-1.2487112836983263,0,0
24.134288362716926,-1.2487112836983263,0,0
24.044288362716944,-1.2384743045626947,0,0
24.044288362716944,-1.2384743045626947,0,0
23.904288362716944,-1.2354308110547307,0,0
23.904288362716958,-1.2354308110547307,0,0
23.784288362716964,-1.2323873165244887,0,0
23.784288362716964,-1.2323873165244887,0,0
23.67428836271697,-1.2307271527262167,0,0
23.67428836271697,-1.2307271527262167,0,0
23.554288362716974,-1.2276836581959898,0,0
23.554288362716974,-1.2276836581959898,0,0
23.454288362716998,-1.2246401646880107,0,0
23.454288362716998,-1.2246401646880107,0,0
23.354288362716936,-1.221596670157784,0,0
23.354288362716925,-1.221596670157784,0,0
23.27428836271694,-1.2185531756275423,0,0
23.27428836271694,-1.2185531756275423,0,0
23.204288362716998,-1.2083161964919256,0,0
23.204288362716984,-1.2083161964919256,0,0
23.124288362716953,-1.2052727019616838,0,0
23.12428836271694,-1.2052727019616838,0,0
23.044288362716973,-1.2108060237910792,0,0
23.04428836271696,-1.2108060237910792,0,0
22.94428836271696,-1.199185713923478,0,0
22.944288362716954,-1.199185713923478,0,0
22.85428836271697,-1.1975255501252058,0,0
22.85428836271697,-1.1975255501252058,0,0
22.774288362716977,-1.194482055594979,0,0
22.77428836271699,-1.194482055594979,0,0
22.66428836271693,-1.1914385620869998,0,0
22.564288362716937,-1.1883950675567732,0,0
22.564288362716937,-1.1883950675567732,0,0
22.564288362716923,-1.1883950675567732,0,0
22.444288362716932,-1.1781580884211416,0,0
22.444288362716946,-1.1781580884211416,0,0
22.32428836271694,-1.1836914092282742,0,0
22.324288362716974,-1.1836914092282742,0,0
22.204288362716948,-1.1806479157202951,0,0
22.20428836271696,-1.1806479157202951,0,0
22.084288362716975,-1.1776044211900685,0,0
22.084288362716975,-1.1776044211900685,0,0
21.98428836271697,-1.1745609266598265,0,0
21.98428836271697,-1.1745609266598265,0,0
21.874288362716992,-1.1729007628615544,0,0
21.874288362716978,-1.1729007628615544,0,0
21.774288362716984,-1.1698572693535902,0,0
21.774288362716984,-1.1698572693535902,0,0
21.704288362717,-1.1668137748233636,0,0
21.70428836271699,-1.1668137748233636,0,0
21.65428836271693,-1.1723470955543063,0,0
21.65428836271693,-1.1723470955543063,0,0
21.624288362716932,-1.1693036011002544,0,0
21.624288362716932,-1.1693036011002544,0,0
21.604288362716943,-1.1662601075922754,0,0
21.604288362716936,-1.1662601075922754,0,0
21.574288362716945,-1.1560231284566438,0,0
21.57428836271696,-1.1560231284566438,0,0
21.544288362716948,-1.1615564491876016,0,0
21.544288362716948,-1.1615564491876016,0,0
21.504288362716967,-1.1585129546573596,0,0
21.504288362716938,-1.1585129546573596,0,0
21.484288362716942,-1.1554694611493956,0,0
21.484288362716942,-1.1554694611493956,0,0
21.454288362716955,-1.1524259666953438,0,0
21.454288362716955,-1.1524259666953438,0,0
21.414288362716956,-1.1421889875597122,0,0
21.414288362716956,-1.1421889875597122,0,0
21.37428836271696,-1.147722308290655,0,0
21.374288362716946,-1.147722308290655,0,0
21.31428836271695,-1.144678814782691,0,0
21.31428836271695,-1.144678814782691,0,0
21.274288362716955,-1.134441835647044,0,0
21.274288362716955,-1.134441835647044,0,0
21.22428836271697,-1.1313983411168174,0,0
21.224288362716955,-1.1313983411168174,0,0
21.164288362716963,-1.1283548466627655,0,0
21.164288362716963,-1.1283548466627655,0,0
21.114288362716977,-1.1266946827883184,0,0
21.114288362716962,-1.1266946827883184,0,0
